seed,fold,control,mode,status,promoted,operator_family,schema,n_train_edges,n_test_edges,step_standardized,empirical_test_R2,empirical_test_nrmse,identity_relative_improvement,pooled_relative_improvement,model_counterfactual_R2,model_counterfactual_nrmse,support_fraction,train_dominance_median,test_dominance_median,test_geometry_residual,step_transfer_relative_error,bootstrap_modal_fraction,compression_ratio,active_queries_used,promotion_checks_json
42,1,real,RIDGE_minus,promoted,True,context_affine,"omega_RIDGE_minus: State(x,y) -> State(x + -0.41622556*e_0, (0.01914851)*y + (1.8802746) + (-4.4305351)*x0 + (1.3101303)*x1 + (-0.36570349)*x2 + (-2.8513646)*x3)",355,191,-0.4162255648853262,0.6534491270448817,0.5886857166223063,0.42006954446790284,0.25410797569149207,0.9771865585056688,0.1510411913827853,0.99,0.7711002582511581,0.7381443402034672,0.6998469543382144,0.07644497304763251,1.0,137.41935483870967,8,"{""bootstrap_stability"": true, ""compression"": true, ""geometry_dominance"": true, ""heldout_r2"": true, ""identity_destroyer"": true, ""model_consistency_nrmse"": true, ""model_consistency_r2"": true, ""pooled_destroyer"": true, ""step_transfer"": true, ""support_safe"": true, ""test_support"": true, ""train_support"": true}"
42,1,real,RIDGE_plus,promoted,True,context_affine,"omega_RIDGE_plus: State(x,y) -> State(x + 0.41418951*e_0, (-0.034550312)*y + (-1.9082605) + (-4.4389914)*x0 + (1.2769917)*x1 + (-0.24527846)*x2 + (-2.8478663)*x3)",363,187,0.4141895097328054,0.6344438516929543,0.604612395098749,0.4290750494673112,0.36417255553265443,0.9615260590190573,0.19614775293370748,0.9925,0.7630649397688425,0.743537362474229,0.702037648664209,0.06716274048656341,1.0,140.51612903225808,8,"{""bootstrap_stability"": true, ""compression"": true, ""geometry_dominance"": true, ""heldout_r2"": true, ""identity_destroyer"": true, ""model_consistency_nrmse"": true, ""model_consistency_r2"": true, ""pooled_destroyer"": true, ""step_transfer"": true, ""support_safe"": true, ""test_support"": true, ""train_support"": true}"
42,1,real,NUB_minus,promoted,True,context_affine,"omega_NUB_minus: State(x,y) -> State(x + -0.42148583*e_1, (-0.0076734929)*y + (-0.35837066) + (-3.9462565)*x0 + (1.1764904)*x1 + (-0.43190489)*x2 + (-2.4046636)*x3)",410,221,-0.4214858280307078,0.47659075059335654,0.7234702823244665,0.22819289093522366,0.04297737009344941,0.9484925710650197,0.22695248166737525,0.9875,0.7667864323098529,0.7492381135916331,0.6988957431840545,0.09258958222057041,1.0,158.70967741935485,8,"{""bootstrap_stability"": true, ""compression"": true, ""geometry_dominance"": true, ""heldout_r2"": true, ""identity_destroyer"": true, ""model_consistency_nrmse"": true, ""model_consistency_r2"": true, ""pooled_destroyer"": true, ""step_transfer"": true, ""support_safe"": true, ""test_support"": true, ""train_support"": true}"
42,1,real,NUB_plus,candidate,False,context_affine,"omega_NUB_plus: State(x,y) -> State(x + 0.41600449*e_1, (-0.075109815)*y + (0.52833533) + (-4.4456468)*x0 + (1.5219233)*x1 + (-0.40432798)*x2 + (-2.723697)*x3)",410,222,0.41600448612742646,0.42388303006599837,0.7590236952388256,0.21785408172154413,-0.002260236712513421,0.9566264398413243,0.2082631992423906,0.9975,0.7643040626295772,0.7403149388908754,0.7037162586940573,0.07223359450365849,1.0,158.70967741935485,8,"{""bootstrap_stability"": true, ""compression"": true, ""geometry_dominance"": true, ""heldout_r2"": true, ""identity_destroyer"": true, ""model_consistency_nrmse"": true, ""model_consistency_r2"": true, ""pooled_destroyer"": false, ""step_transfer"": true, ""support_safe"": true, ""test_support"": true, ""train_support"": true}"
42,1,real,CRACK_minus,candidate,False,context_affine,"omega_CRACK_minus: State(x,y) -> State(x + -0.43511111*e_2, (-0.02978478)*y + (0.15720431) + (-4.155108)*x0 + (1.2139)*x1 + (-0.4061827)*x2 + (-2.7104995)*x3)",431,207,-0.43511111394791263,0.5351791628578165,0.6817777036118029,0.22852117833155888,0.010070973206062912,0.960000878737346,0.19999780314456955,0.995,0.7757770789371933,0.752983111477844,0.68031146738625,0.10235627858507554,1.0,166.83870967741936,8,"{""bootstrap_stability"": true, ""compression"": true, ""geometry_dominance"": true, ""heldout_r2"": true, ""identity_destroyer"": true, ""model_consistency_nrmse"": true, ""model_consistency_r2"": true, ""pooled_destroyer"": false, ""step_transfer"": true, ""support_safe"": true, ""test_support"": true, ""train_support"": true}"
42,1,real,CRACK_plus,candidate,False,context_affine,"omega_CRACK_plus: State(x,y) -> State(x + 0.43786945*e_2, (0.15882011)*y + (-0.31560592) + (-2.854618)*x0 + (0.99888998)*x1 + (-0.36443201)*x2 + (-1.5507189)*x3)",436,219,0.43786944585188414,0.5724351328031654,0.6538844448347387,0.20559864149465296,0.015510651097484788,0.9360318994612988,0.25291915810926846,0.9875,0.7733035138110358,0.761700655567508,0.6697081607424823,0.09083848698403578,1.0,168.7741935483871,8,"{""bootstrap_stability"": true, ""compression"": true, ""geometry_dominance"": true, ""heldout_r2"": true, ""identity_destroyer"": true, ""model_consistency_nrmse"": true, ""model_consistency_r2"": true, ""pooled_destroyer"": false, ""step_transfer"": true, ""support_safe"": true, ""test_support"": true, ""train_support"": true}"
42,1,real,WEIGHT_minus,promoted,True,context_affine,"omega_WEIGHT_minus: State(x,y) -> State(x + -0.42351314*e_3, (-0.040320754)*y + (1.1782985) + (-4.2287273)*x0 + (1.2078019)*x1 + (-0.54382017)*x2 + (-2.8178777)*x3)",385,179,-0.4235131438340798,0.5297048447155674,0.6857806903700575,0.32455898796918775,0.08168265015815747,0.9432287557635547,0.2382671698670325,0.995,0.755390968156128,0.7500695676914128,0.6877278688592297,0.09381814734047525,1.0,149.03225806451613,8,"{""bootstrap_stability"": true, ""compression"": true, ""geometry_dominance"": true, ""heldout_r2"": true, ""identity_destroyer"": true, ""model_consistency_nrmse"": true, ""model_consistency_r2"": true, ""pooled_destroyer"": true, ""step_transfer"": true, ""support_safe"": true, ""test_support"": true, ""train_support"": true}"
42,1,real,WEIGHT_plus,promoted,True,context_affine,"omega_WEIGHT_plus: State(x,y) -> State(x + 0.4279352*e_3, (-0.039893394)*y + (-1.2344129) + (-4.3473219)*x0 + (1.0768947)*x1 + (-0.16254532)*x2 + (-2.971053)*x3)",377,177,0.4279351960730793,0.5453875297717179,0.6742495607920572,0.34240775897775405,0.2027580027380399,0.9441554972624954,0.23631441500150732,0.99,0.7572838391288237,0.7570593151978725,0.6825658097955561,0.09788052593921848,1.0,145.93548387096774,8,"{""bootstrap_stability"": true, ""compression"": true, ""geometry_dominance"": true, ""heldout_r2"": true, ""identity_destroyer"": true, ""model_consistency_nrmse"": true, ""model_consistency_r2"": true, ""pooled_destroyer"": true, ""step_transfer"": true, ""support_safe"": true, ""test_support"": true, ""train_support"": true}"
42,1,pair_shuffle,RIDGE_minus,rejected,False,affine_y,"omega_RIDGE_minus: State(x,y) -> State(x + -0.41622556*e_0, (-0.046767055)*y + (0.71162888))",355,191,-0.4162255648853262,-0.005545322044682166,1.0027688278185967,0.34784255521325663,0.038497007316876365,-0.33378360759276626,1.1548954963947025,0.99,0.7711002582511581,0.7381443402034672,0.6998469543382144,0.07644497304763251,1.0,202.85714285714286,8,"{""bootstrap_stability"": true, ""compression"": true, ""geometry_dominance"": true, ""heldout_r2"": false, ""identity_destroyer"": true, ""model_consistency_nrmse"": false, ""model_consistency_r2"": false, ""pooled_destroyer"": true, ""step_transfer"": true, ""support_safe"": true, ""test_support"": true, ""train_support"": true}"
42,1,pair_shuffle,RIDGE_plus,rejected,False,context_affine,"omega_RIDGE_plus: State(x,y) -> State(x + 0.41418951*e_0, (-0.057367082)*y + (-1.1707044) + (0.22379214)*x0 + (-0.14532445)*x1 + (0.12057547)*x2 + (0.64850305)*x3)",363,187,0.4141895097328054,-0.04926354131963362,1.0243356585219678,0.3636312410786522,0.08957565785614902,-0.38502429813808314,1.1768705528383667,0.9925,0.7630649397688425,0.743537362474229,0.702037648664209,0.06716274048656341,0.75,140.51612903225808,8,"{""bootstrap_stability"": true, ""compression"": true, ""geometry_dominance"": true, ""heldout_r2"": false, ""identity_destroyer"": true, ""model_consistency_nrmse"": false, ""model_consistency_r2"": false, ""pooled_destroyer"": true, ""step_transfer"": true, ""support_safe"": true, ""test_support"": true, ""train_support"": true}"
42,1,pair_shuffle,NUB_minus,rejected,False,affine_y,"omega_NUB_minus: State(x,y) -> State(x + -0.42148583*e_1, (0.0074094664)*y + (-0.15293607))",410,221,-0.4214858280307078,-0.011676277427349335,1.0058211955548308,0.32228547604754876,0.0014210965462323932,-0.017348705823554633,1.008637053564638,0.9875,0.7667864323098529,0.7492381135916331,0.6988957431840545,0.09258958222057041,0.9166666666666666,234.28571428571428,8,"{""bootstrap_stability"": true, ""compression"": true, ""geometry_dominance"": true, ""heldout_r2"": false, ""identity_destroyer"": true, ""model_consistency_nrmse"": false, ""model_consistency_r2"": false, ""pooled_destroyer"": false, ""step_transfer"": true, ""support_safe"": true, ""test_support"": true, ""train_support"": true}"
42,1,pair_shuffle,NUB_plus,rejected,False,affine_y,"omega_NUB_plus: State(x,y) -> State(x + 0.41600449*e_1, (-0.025564296)*y + (0.16124999))",410,222,0.41600448612742646,-0.0004972304811747819,1.0002485843434994,0.3328586775221783,0.0036616362919042415,-0.05725664027091826,1.0282298577025073,0.9975,0.7643040626295772,0.7403149388908754,0.7037162586940573,0.07223359450365849,0.75,234.28571428571428,8,"{""bootstrap_stability"": true, ""compression"": true, ""geometry_dominance"": true, ""heldout_r2"": false, ""identity_destroyer"": true, ""model_consistency_nrmse"": false, ""model_consistency_r2"": false, ""pooled_destroyer"": false, ""step_transfer"": true, ""support_safe"": true, ""test_support"": true, ""train_support"": true}"
42,1,pair_shuffle,CRACK_minus,rejected,False,affine_y,"omega_CRACK_minus: State(x,y) -> State(x + -0.43511111*e_2, (-0.038873726)*y + (-0.035111984))",431,207,-0.43511111394791263,-0.01193400842495107,1.0059493070850793,0.2773902653737495,0.0017566528230060648,-0.07933081698217825,1.0389084738234537,0.995,0.7757770789371933,0.752983111477844,0.68031146738625,0.10235627858507554,1.0,246.28571428571428,8,"{""bootstrap_stability"": true, ""compression"": true, ""geometry_dominance"": true, ""heldout_r2"": false, ""identity_destroyer"": true, ""model_consistency_nrmse"": false, ""model_consistency_r2"": false, ""pooled_destroyer"": false, ""step_transfer"": true, ""support_safe"": true, ""test_support"": true, ""train_support"": true}"
42,1,pair_shuffle,CRACK_plus,rejected,False,context_affine,"omega_CRACK_plus: State(x,y) -> State(x + 0.43786945*e_2, (-0.17316661)*y + (-0.36260739) + (-0.68723071)*x0 + (0.35522026)*x1 + (-0.047504344)*x2 + (-0.39851727)*x3)",436,219,0.43786944585188414,-0.01778622737979707,1.0088539177600477,0.2696139251487805,-0.0015657651400728329,-0.0008225662752592289,1.000411198595487,0.9875,0.7733035138110358,0.761700655567508,0.6697081607424823,0.09083848698403578,1.0,168.7741935483871,8,"{""bootstrap_stability"": true, ""compression"": true, ""geometry_dominance"": true, ""heldout_r2"": false, ""identity_destroyer"": true, ""model_consistency_nrmse"": false, ""model_consistency_r2"": false, ""pooled_destroyer"": false, ""step_transfer"": true, ""support_safe"": true, ""test_support"": true, ""train_support"": true}"
42,1,pair_shuffle,WEIGHT_minus,rejected,False,affine_y,"omega_WEIGHT_minus: State(x,y) -> State(x + -0.42351314*e_3, (-0.034497194)*y + (0.66928828))",385,179,-0.4235131438340798,-0.035507933214656395,1.0175991024046045,0.32129425047161014,-0.012201209100400895,-0.15340982868448805,1.073969193545368,0.995,0.755390968156128,0.7500695676914128,0.6877278688592297,0.09381814734047525,0.5,220.0,8,"{""bootstrap_stability"": false, ""compression"": true, ""geometry_dominance"": true, ""heldout_r2"": false, ""identity_destroyer"": true, ""model_consistency_nrmse"": false, ""model_consistency_r2"": false, ""pooled_destroyer"": false, ""step_transfer"": true, ""support_safe"": true, ""test_support"": true, ""train_support"": true}"
42,1,pair_shuffle,WEIGHT_plus,rejected,False,affine_y,"omega_WEIGHT_plus: State(x,y) -> State(x + 0.4279352*e_3, (-0.025754987)*y + (-0.71796558))",377,177,0.4279351960730793,-0.07904914117570527,1.0387729016371698,0.3658154714776298,0.06953821472415818,-0.18785081248220248,1.0898856878050114,0.99,0.7572838391288237,0.7570593151978725,0.6825658097955561,0.09788052593921848,1.0,215.42857142857142,8,"{""bootstrap_stability"": true, ""compression"": true, ""geometry_dominance"": true, ""heldout_r2"": false, ""identity_destroyer"": true, ""model_consistency_nrmse"": false, ""model_consistency_r2"": false, ""pooled_destroyer"": true, ""step_transfer"": true, ""support_safe"": true, ""test_support"": true, ""train_support"": true}"
42,1,target_shuffle,RIDGE_minus,rejected,False,affine_y,"omega_RIDGE_minus: State(x,y) -> State(x + -0.41622556*e_0, (0.024153373)*y + (0.19768544))",355,191,-0.4162255648853262,-0.022068736480800544,1.0109741522317968,0.30180941144154527,-0.007434120962377435,-7.3230461718991755,2.884969007095081,0.99,0.7711002582511581,0.7381443402034672,0.6998469543382144,0.07644497304763251,1.0,202.85714285714286,8,"{""bootstrap_stability"": true, ""compression"": true, ""geometry_dominance"": true, ""heldout_r2"": false, ""identity_destroyer"": true, ""model_consistency_nrmse"": false, ""model_consistency_r2"": false, ""pooled_destroyer"": false, ""step_transfer"": true, ""support_safe"": true, ""test_support"": true, ""train_support"": true}"
42,1,target_shuffle,RIDGE_plus,rejected,False,affine_y,"omega_RIDGE_plus: State(x,y) -> State(x + 0.41418951*e_0, (0.047856121)*y + (-0.15441138))",363,187,0.4141895097328054,0.0002957123459534916,0.999852132894683,0.2774678779474245,0.002131602431466439,-0.45064908599579234,1.2044289460137498,0.9925,0.7630649397688425,0.743537362474229,0.702037648664209,0.06716274048656341,1.0,207.42857142857142,8,"{""bootstrap_stability"": true, ""compression"": true, ""geometry_dominance"": true, ""heldout_r2"": false, ""identity_destroyer"": true, ""model_consistency_nrmse"": false, ""model_consistency_r2"": false, ""pooled_destroyer"": false, ""step_transfer"": true, ""support_safe"": true, ""test_support"": true, ""train_support"": true}"
42,1,target_shuffle,NUB_minus,rejected,False,identity,"omega_NUB_minus: State(x,y) -> State(x + -0.42148583*e_1, y)",410,221,-0.4214858280307078,-0.9735790231133599,1.4048412803990917,0.0,-0.37662403052831295,0.9728381613567606,0.16480849081051427,0.9875,0.7667864323098529,0.7492381135916331,0.6988957431840545,0.09258958222057041,0.875,378.46153846153845,8,"{""bootstrap_stability"": true, ""compression"": true, ""geometry_dominance"": true, ""heldout_r2"": false, ""identity_destroyer"": false, ""model_consistency_nrmse"": true, ""model_consistency_r2"": true, ""pooled_destroyer"": false, ""step_transfer"": true, ""support_safe"": true, ""test_support"": true, ""train_support"": true}"
42,1,target_shuffle,NUB_plus,rejected,False,affine_y,"omega_NUB_plus: State(x,y) -> State(x + 0.41600449*e_1, (0.001823853)*y + (-0.097475116))",410,222,0.41600448612742646,-0.0028793933285746753,1.0014386617904136,0.2608232570730014,0.0009901086632921304,-0.6934139385411937,1.3013123908351882,0.9975,0.7643040626295772,0.7403149388908754,0.7037162586940573,0.07223359450365849,1.0,234.28571428571428,8,"{""bootstrap_stability"": true, ""compression"": true, ""geometry_dominance"": true, ""heldout_r2"": false, ""identity_destroyer"": true, ""model_consistency_nrmse"": false, ""model_consistency_r2"": false, ""pooled_destroyer"": false, ""step_transfer"": true, ""support_safe"": true, ""test_support"": true, ""train_support"": true}"
42,1,target_shuffle,CRACK_minus,rejected,False,affine_y,"omega_CRACK_minus: State(x,y) -> State(x + -0.43511111*e_2, (-0.070581123)*y + (-0.011392478))",431,207,-0.43511111394791263,-0.014520194892369442,1.0072339325560717,0.2585764086945702,-0.005112787748122593,-0.6794494348648941,1.295935737166351,0.995,0.7757770789371933,0.752983111477844,0.68031146738625,0.10235627858507554,0.5,246.28571428571428,8,"{""bootstrap_stability"": false, ""compression"": true, ""geometry_dominance"": true, ""heldout_r2"": false, ""identity_destroyer"": true, ""model_consistency_nrmse"": false, ""model_consistency_r2"": false, ""pooled_destroyer"": false, ""step_transfer"": true, ""support_safe"": true, ""test_support"": true, ""train_support"": true}"
42,1,target_shuffle,CRACK_plus,rejected,False,identity,"omega_CRACK_plus: State(x,y) -> State(x + 0.43786945*e_2, y)",436,219,0.43786944585188414,-0.9445662656724296,1.3944770581377197,0.0,-0.3913778435791046,0.9828912784232604,0.1308003118373179,0.9875,0.7733035138110358,0.761700655567508,0.6697081607424823,0.09083848698403578,1.0,402.46153846153845,8,"{""bootstrap_stability"": true, ""compression"": true, ""geometry_dominance"": true, ""heldout_r2"": false, ""identity_destroyer"": false, ""model_consistency_nrmse"": true, ""model_consistency_r2"": true, ""pooled_destroyer"": false, ""step_transfer"": true, ""support_safe"": true, ""test_support"": true, ""train_support"": true}"
42,1,target_shuffle,WEIGHT_minus,rejected,False,shift,"omega_WEIGHT_minus: State(x,y) -> State(x + -0.42351314*e_3, y + (0.064296364))",385,179,-0.4235131438340798,-1.0065962264571846,1.4165437608691038,0.000597130593217312,-0.41169686592485083,0.9977294157987476,0.04765064743791432,0.995,0.755390968156128,0.7500695676914128,0.6877278688592297,0.09381814734047525,0.875,271.7647058823529,8,"{""bootstrap_stability"": true, ""compression"": true, ""geometry_dominance"": true, ""heldout_r2"": false, ""identity_destroyer"": false, ""model_consistency_nrmse"": true, ""model_consistency_r2"": true, ""pooled_destroyer"": false, ""step_transfer"": true, ""support_safe"": true, ""test_support"": true, ""train_support"": true}"
42,1,target_shuffle,WEIGHT_plus,rejected,False,affine_y,"omega_WEIGHT_plus: State(x,y) -> State(x + 0.4279352*e_3, (-0.072719991)*y + (-0.22273862))",377,177,0.4279351960730793,-0.018040634692583213,1.0089799971716897,0.2976442571306966,0.005442683260236311,-2.520495622786212,1.8762983831966096,0.99,0.7572838391288237,0.7570593151978725,0.6825658097955561,0.09788052593921848,0.875,215.42857142857142,8,"{""bootstrap_stability"": true, ""compression"": true, ""geometry_dominance"": true, ""heldout_r2"": false, ""identity_destroyer"": true, ""model_consistency_nrmse"": false, ""model_consistency_r2"": false, ""pooled_destroyer"": false, ""step_transfer"": true, ""support_safe"": true, ""test_support"": true, ""train_support"": true}"
42,2,real,RIDGE_minus,promoted,True,context_affine,"omega_RIDGE_minus: State(x,y) -> State(x + -0.4153259*e_0, (0.11556222)*y + (1.5867923) + (-3.323855)*x0 + (0.87486499)*x1 + (-0.15155308)*x2 + (-2.0955353)*x3)",365,175,-0.41532589614856724,0.6495304049839726,0.5920047255014333,0.42758209153750976,0.2619965080421569,0.922821563042364,0.27781007353520504,0.985,0.755330433088959,0.7571933748844897,0.6782736671127524,0.0651931461015915,1.0,141.29032258064515,8,"{""bootstrap_stability"": true, ""compression"": true, ""geometry_dominance"": true, ""heldout_r2"": true, ""identity_destroyer"": true, ""model_consistency_nrmse"": true, ""model_consistency_r2"": true, ""pooled_destroyer"": true, ""step_transfer"": true, ""support_safe"": true, ""test_support"": true, ""train_support"": true}"
42,2,real,RIDGE_plus,promoted,True,context_affine,"omega_RIDGE_plus: State(x,y) -> State(x + 0.41935999*e_0, (-0.031215103)*y + (-1.9047358) + (-4.5531967)*x0 + (1.0979084)*x1 + (-0.25345896)*x2 + (-3.2620151)*x3)",380,183,0.41935998525442053,0.6456993472866956,0.5952315958627401,0.41799562770144627,0.32644295955230807,0.9689565032087026,0.1761916479044832,0.98,0.7413029610508739,0.7668281189685399,0.6746364521498038,0.09784311362814808,1.0,147.09677419354838,8,"{""bootstrap_stability"": true, ""compression"": true, ""geometry_dominance"": true, ""heldout_r2"": true, ""identity_destroyer"": true, ""model_consistency_nrmse"": true, ""model_consistency_r2"": true, ""pooled_destroyer"": true, ""step_transfer"": true, ""support_safe"": true, ""test_support"": true, ""train_support"": true}"
42,2,real,NUB_minus,promoted,True,context_affine,"omega_NUB_minus: State(x,y) -> State(x + -0.42141676*e_1, (0.062046822)*y + (-0.53764544) + (-3.8961349)*x0 + (0.99718464)*x1 + (-0.30396302)*x2 + (-2.7119873)*x3)",421,221,-0.4214167641437667,0.5530132651441457,0.6685706655663665,0.17354496777726783,0.035712363598781174,0.976598418458768,0.15297575474967245,0.9775,0.7554635598879686,0.7430787596377454,0.687054663065596,0.1020484871264799,1.0,162.96774193548387,8,"{""bootstrap_stability"": true, ""compression"": true, ""geometry_dominance"": true, ""heldout_r2"": true, ""identity_destroyer"": true, ""model_consistency_nrmse"": true, ""model_consistency_r2"": true, ""pooled_destroyer"": true, ""step_transfer"": true, ""support_safe"": true, ""test_support"": true, ""train_support"": true}"
42,2,real,NUB_plus,promoted,True,context_affine,"omega_NUB_plus: State(x,y) -> State(x + 0.41628864*e_1, (0.084593955)*y + (0.47902165) + (-3.2275575)*x0 + (1.238075)*x1 + (-0.38733578)*x2 + (-2.0595133)*x3)",416,212,0.4162886424601905,0.6649790142740236,0.5788099737616624,0.302434660164853,0.060554358986578904,0.9256548525189927,0.27266306585419164,0.97,0.7576136253572825,0.7409081969992968,0.6856953539394159,0.08613555291319851,1.0,161.03225806451613,8,"{""bootstrap_stability"": true, ""compression"": true, ""geometry_dominance"": true, ""heldout_r2"": true, ""identity_destroyer"": true, ""model_consistency_nrmse"": true, ""model_consistency_r2"": true, ""pooled_destroyer"": true, ""step_transfer"": true, ""support_safe"": true, ""test_support"": true, ""train_support"": true}"
42,2,real,CRACK_minus,candidate,False,context_affine,"omega_CRACK_minus: State(x,y) -> State(x + -0.44355286*e_2, (-0.025818393)*y + (0.17517195) + (-3.8763818)*x0 + (0.96443402)*x1 + (-0.26531004)*x2 + (-2.6576116)*x3)",396,227,-0.4435528645398088,0.5639019145643134,0.6603772296465761,0.21793995665951235,-0.01476208419008524,0.9341058632962033,0.25669853272622495,0.9825,0.7752713053589597,0.7470126317723699,0.6946136278873585,0.09770730058584937,1.0,153.29032258064515,8,"{""bootstrap_stability"": true, ""compression"": true, ""geometry_dominance"": true, ""heldout_r2"": true, ""identity_destroyer"": true, ""model_consistency_nrmse"": true, ""model_consistency_r2"": true, ""pooled_destroyer"": false, ""step_transfer"": true, ""support_safe"": true, ""test_support"": true, ""train_support"": true}"
42,2,real,CRACK_plus,candidate,False,context_affine,"omega_CRACK_plus: State(x,y) -> State(x + 0.4426846*e_2, (0.023554119)*y + (-0.18188631) + (-3.7876359)*x0 + (1.195368)*x1 + (-0.2773533)*x2 + (-2.6249524)*x3)",410,228,0.4426845983138761,0.562163528448828,0.661692127466522,0.1710327758040824,-0.0276290901087552,0.9539065776034377,0.21469378751273246,0.975,0.7765780144710765,0.7495486247852154,0.6954550073877317,0.08185525406030879,1.0,158.70967741935485,8,"{""bootstrap_stability"": true, ""compression"": true, ""geometry_dominance"": true, ""heldout_r2"": true, ""identity_destroyer"": true, ""model_consistency_nrmse"": true, ""model_consistency_r2"": true, ""pooled_destroyer"": false, ""step_transfer"": true, ""support_safe"": true, ""test_support"": true, ""train_support"": true}"
42,2,real,WEIGHT_minus,promoted,True,context_affine,"omega_WEIGHT_minus: State(x,y) -> State(x + -0.42663811*e_3, (0.014702772)*y + (1.1710772) + (-3.6910427)*x0 + (1.0590542)*x1 + (-0.43283693)*x2 + (-2.5222063)*x3)",376,176,-0.4266381093344891,0.6164877449119635,0.619283662862211,0.32290019548960064,0.13849919561300236,0.9285024671114961,0.26739022586568856,0.9775,0.7649468637665189,0.7365244590910507,0.7075464552232384,0.05188252653624595,1.0,145.5483870967742,8,"{""bootstrap_stability"": true, ""compression"": true, ""geometry_dominance"": true, ""heldout_r2"": true, ""identity_destroyer"": true, ""model_consistency_nrmse"": true, ""model_consistency_r2"": true, ""pooled_destroyer"": true, ""step_transfer"": true, ""support_safe"": true, ""test_support"": true, ""train_support"": true}"
42,2,real,WEIGHT_plus,candidate,False,shift,"omega_WEIGHT_plus: State(x,y) -> State(x + 0.42732348*e_3, y + (-1.4866594))",352,174,0.4273234839924946,0.3497012182859023,0.8064110500942417,0.12353558060528093,-0.07869473730538729,0.9974458116487405,0.05053897853399397,0.985,0.7690568450870625,0.7325490662206382,0.7148520410259842,0.06977462546482749,1.0,248.47058823529412,8,"{""bootstrap_stability"": true, ""compression"": true, ""geometry_dominance"": true, ""heldout_r2"": true, ""identity_destroyer"": true, ""model_consistency_nrmse"": true, ""model_consistency_r2"": true, ""pooled_destroyer"": false, ""step_transfer"": true, ""support_safe"": true, ""test_support"": true, ""train_support"": true}"
42,2,pair_shuffle,RIDGE_minus,rejected,False,affine_y,"omega_RIDGE_minus: State(x,y) -> State(x + -0.4153259*e_0, (0.059584039)*y + (0.86792152))",365,175,-0.41532589614856724,-0.048259238817004224,1.0238453197710113,0.36268040265185214,-0.019786679598752806,0.002693260698404809,0.9986524617210911,0.985,0.755330433088959,0.7571933748844897,0.6782736671127524,0.0651931461015915,1.0,208.57142857142858,8,"{""bootstrap_stability"": true, ""compression"": true, ""geometry_dominance"": true, ""heldout_r2"": false, ""identity_destroyer"": true, ""model_consistency_nrmse"": false, ""model_consistency_r2"": false, ""pooled_destroyer"": false, ""step_transfer"": true, ""support_safe"": true, ""test_support"": true, ""train_support"": true}"
42,2,pair_shuffle,RIDGE_plus,rejected,False,affine_y,"omega_RIDGE_plus: State(x,y) -> State(x + 0.41935999*e_0, (-0.051011396)*y + (-0.99198062))",380,183,0.41935998525442053,-0.05343482513469988,1.0263697312054267,0.316001320500255,0.08724595183096644,-0.3210808287084086,1.1493828033811921,0.98,0.7413029610508739,0.7668281189685399,0.6746364521498038,0.09784311362814808,1.0,217.14285714285714,8,"{""bootstrap_stability"": true, ""compression"": true, ""geometry_dominance"": true, ""heldout_r2"": false, ""identity_destroyer"": true, ""model_consistency_nrmse"": false, ""model_consistency_r2"": false, ""pooled_destroyer"": true, ""step_transfer"": true, ""support_safe"": true, ""test_support"": true, ""train_support"": true}"
42,2,pair_shuffle,NUB_minus,rejected,False,affine_y,"omega_NUB_minus: State(x,y) -> State(x + -0.42141676*e_1, (-0.10245076)*y + (-0.42052975))",421,221,-0.4214167641437667,-0.019345166514766365,1.0096262509041485,0.24589927961761754,-0.0006865821914762472,-0.23146490321271007,1.109713883491015,0.9775,0.7554635598879686,0.7430787596377454,0.687054663065596,0.1020484871264799,1.0,240.57142857142858,8,"{""bootstrap_stability"": true, ""compression"": true, ""geometry_dominance"": true, ""heldout_r2"": false, ""identity_destroyer"": true, ""model_consistency_nrmse"": false, ""model_consistency_r2"": false, ""pooled_destroyer"": false, ""step_transfer"": true, ""support_safe"": true, ""test_support"": true, ""train_support"": true}"
42,2,pair_shuffle,NUB_plus,rejected,False,affine_y,"omega_NUB_plus: State(x,y) -> State(x + 0.41628864*e_1, (0.0087704287)*y + (0.15371005))",416,212,0.4162886424601905,-0.0011869445866954376,1.000593296293102,0.33359981785475007,0.0017027572133514906,0.01555587633164901,0.9921915760922136,0.97,0.7576136253572825,0.7409081969992968,0.6856953539394159,0.08613555291319851,1.0,237.71428571428572,8,"{""bootstrap_stability"": true, ""compression"": true, ""geometry_dominance"": true, ""heldout_r2"": false, ""identity_destroyer"": true, ""model_consistency_nrmse"": false, ""model_consistency_r2"": false, ""pooled_destroyer"": false, ""step_transfer"": true, ""support_safe"": true, ""test_support"": true, ""train_support"": true}"
42,2,pair_shuffle,CRACK_minus,rejected,False,affine_y,"omega_CRACK_minus: State(x,y) -> State(x + -0.44355286*e_2, (-0.018764961)*y + (-0.04157896))",396,227,-0.4435528645398088,-0.012310439948870044,1.006136392319088,0.3025366852172457,-0.002165908433417266,-0.040551934912394616,1.0200744751793347,0.9825,0.7752713053589597,0.7470126317723699,0.6946136278873585,0.09770730058584937,0.8333333333333334,226.28571428571428,8,"{""bootstrap_stability"": true, ""compression"": true, ""geometry_dominance"": true, ""heldout_r2"": false, ""identity_destroyer"": true, ""model_consistency_nrmse"": false, ""model_consistency_r2"": false, ""pooled_destroyer"": false, ""step_transfer"": true, ""support_safe"": true, ""test_support"": true, ""train_support"": true}"
42,2,pair_shuffle,CRACK_plus,rejected,False,affine_y,"omega_CRACK_plus: State(x,y) -> State(x + 0.4426846*e_2, (-0.022895221)*y + (-0.1901818))",410,228,0.4426845983138761,-0.0023990765151480353,1.0011988196732695,0.30346602218501795,0.0028060584215950754,-0.04781175244360969,1.0236267642278654,0.975,0.7765780144710765,0.7495486247852154,0.6954550073877317,0.08185525406030879,1.0,234.28571428571428,8,"{""bootstrap_stability"": true, ""compression"": true, ""geometry_dominance"": true, ""heldout_r2"": false, ""identity_destroyer"": true, ""model_consistency_nrmse"": false, ""model_consistency_r2"": false, ""pooled_destroyer"": false, ""step_transfer"": true, ""support_safe"": true, ""test_support"": true, ""train_support"": true}"
42,2,pair_shuffle,WEIGHT_minus,rejected,False,affine_y,"omega_WEIGHT_minus: State(x,y) -> State(x + -0.42663811*e_3, (0.06893649)*y + (0.72201694))",376,176,-0.4266381093344891,-0.009527582180312688,1.004752497971671,0.32869498429958816,0.018318266577372126,0.0841311283301488,0.9570103822163326,0.9775,0.7649468637665189,0.7365244590910507,0.7075464552232384,0.05188252653624595,1.0,214.85714285714286,8,"{""bootstrap_stability"": true, ""compression"": true, ""geometry_dominance"": true, ""heldout_r2"": false, ""identity_destroyer"": true, ""model_consistency_nrmse"": false, ""model_consistency_r2"": false, ""pooled_destroyer"": false, ""step_transfer"": true, ""support_safe"": true, ""test_support"": true, ""train_support"": true}"
42,2,pair_shuffle,WEIGHT_plus,rejected,False,affine_y,"omega_WEIGHT_plus: State(x,y) -> State(x + 0.42732348*e_3, (-0.0097381228)*y + (-0.87374815))",352,174,0.4273234839924946,-0.0020523345519600777,1.001025641305936,0.3202576787347636,0.03825674921752629,-0.13574699962436032,1.0657143142626735,0.985,0.7690568450870625,0.7325490662206382,0.7148520410259842,0.06977462546482749,0.9166666666666666,201.14285714285714,8,"{""bootstrap_stability"": true, ""compression"": true, ""geometry_dominance"": true, ""heldout_r2"": false, ""identity_destroyer"": true, ""model_consistency_nrmse"": false, ""model_consistency_r2"": false, ""pooled_destroyer"": true, ""step_transfer"": true, ""support_safe"": true, ""test_support"": true, ""train_support"": true}"
42,2,target_shuffle,RIDGE_minus,rejected,False,identity,"omega_RIDGE_minus: State(x,y) -> State(x + -0.4153259*e_0, y)",365,175,-0.41532589614856724,-0.8692387595703754,1.3672010677184154,0.0,-0.3663557090913714,0.9889108891794611,0.10530484708948075,0.985,0.755330433088959,0.7571933748844897,0.6782736671127524,0.0651931461015915,0.875,336.9230769230769,8,"{""bootstrap_stability"": true, ""compression"": true, ""geometry_dominance"": true, ""heldout_r2"": false, ""identity_destroyer"": false, ""model_consistency_nrmse"": true, ""model_consistency_r2"": true, ""pooled_destroyer"": false, ""step_transfer"": true, ""support_safe"": true, ""test_support"": true, ""train_support"": true}"
42,2,target_shuffle,RIDGE_plus,rejected,False,affine_y,"omega_RIDGE_plus: State(x,y) -> State(x + 0.41935999*e_0, (0.052520497)*y + (-0.15965961))",380,183,0.41935998525442053,-0.00259044128856023,1.0012943829306944,0.3004185316477269,0.003983529139869153,-0.576721566089635,1.2556757408223012,0.98,0.7413029610508739,0.7668281189685399,0.6746364521498038,0.09784311362814808,0.75,217.14285714285714,8,"{""bootstrap_stability"": true, ""compression"": true, ""geometry_dominance"": true, ""heldout_r2"": false, ""identity_destroyer"": true, ""model_consistency_nrmse"": false, ""model_consistency_r2"": false, ""pooled_destroyer"": false, ""step_transfer"": true, ""support_safe"": true, ""test_support"": true, ""train_support"": true}"
42,2,target_shuffle,NUB_minus,rejected,False,identity,"omega_NUB_minus: State(x,y) -> State(x + -0.42141676*e_1, y)",421,221,-0.4214167641437667,-0.9899153362103141,1.4106435893627827,0.0,-0.40755593197215484,0.9902684008356525,0.09864886803378724,0.9775,0.7554635598879686,0.7430787596377454,0.687054663065596,0.1020484871264799,1.0,388.61538461538464,8,"{""bootstrap_stability"": true, ""compression"": true, ""geometry_dominance"": true, ""heldout_r2"": false, ""identity_destroyer"": false, ""model_consistency_nrmse"": true, ""model_consistency_r2"": true, ""pooled_destroyer"": false, ""step_transfer"": true, ""support_safe"": true, ""test_support"": true, ""train_support"": true}"
42,2,target_shuffle,NUB_plus,rejected,False,affine_y,"omega_NUB_plus: State(x,y) -> State(x + 0.41628864*e_1, (-0.040517111)*y + (-0.20930046))",416,212,0.4162886424601905,-0.010691435314271747,1.0053315051833758,0.29077193318230027,0.00010451320721299465,-1.0295577811347396,1.4246254880264988,0.97,0.7576136253572825,0.7409081969992968,0.6856953539394159,0.08613555291319851,0.625,237.71428571428572,8,"{""bootstrap_stability"": true, ""compression"": true, ""geometry_dominance"": true, ""heldout_r2"": false, ""identity_destroyer"": true, ""model_consistency_nrmse"": false, ""model_consistency_r2"": false, ""pooled_destroyer"": false, ""step_transfer"": true, ""support_safe"": true, ""test_support"": true, ""train_support"": true}"
42,2,target_shuffle,CRACK_minus,rejected,False,affine_y,"omega_CRACK_minus: State(x,y) -> State(x + -0.44355286*e_2, (-0.035592425)*y + (-0.18080966))",396,227,-0.4435528645398088,-0.0036478538699171725,1.0018222666071648,0.2750122046166214,-0.0017651454849966284,-0.37406832457739037,1.172206604902647,0.9825,0.7752713053589597,0.7470126317723699,0.6946136278873585,0.09770730058584937,0.875,226.28571428571428,8,"{""bootstrap_stability"": true, ""compression"": true, ""geometry_dominance"": true, ""heldout_r2"": false, ""identity_destroyer"": true, ""model_consistency_nrmse"": false, ""model_consistency_r2"": false, ""pooled_destroyer"": false, ""step_transfer"": true, ""support_safe"": true, ""test_support"": true, ""train_support"": true}"
42,2,target_shuffle,CRACK_plus,rejected,False,affine_y,"omega_CRACK_plus: State(x,y) -> State(x + 0.4426846*e_2, (0.013508481)*y + (-0.12323039))",410,228,0.4426845983138761,-0.016596294801883182,1.0082640005484096,0.2805244132905992,0.0005610301006989636,-0.40637151402112526,1.1859053562663104,0.975,0.7765780144710765,0.7495486247852154,0.6954550073877317,0.08185525406030879,0.75,234.28571428571428,8,"{""bootstrap_stability"": true, ""compression"": true, ""geometry_dominance"": true, ""heldout_r2"": false, ""identity_destroyer"": true, ""model_consistency_nrmse"": false, ""model_consistency_r2"": false, ""pooled_destroyer"": false, ""step_transfer"": true, ""support_safe"": true, ""test_support"": true, ""train_support"": true}"
42,2,target_shuffle,WEIGHT_minus,rejected,False,affine_y,"omega_WEIGHT_minus: State(x,y) -> State(x + -0.42663811*e_3, (-0.051881)*y + (-0.050522747))",376,176,-0.4266381093344891,-0.03493983181857252,1.0173199259911174,0.2878934270929121,-0.003236990299916292,-0.47510470383463077,1.2145388852707149,0.9775,0.7649468637665189,0.7365244590910507,0.7075464552232384,0.05188252653624595,0.875,214.85714285714286,8,"{""bootstrap_stability"": true, ""compression"": true, ""geometry_dominance"": true, ""heldout_r2"": false, ""identity_destroyer"": true, ""model_consistency_nrmse"": false, ""model_consistency_r2"": false, ""pooled_destroyer"": false, ""step_transfer"": true, ""support_safe"": true, ""test_support"": true, ""train_support"": true}"
42,2,target_shuffle,WEIGHT_plus,rejected,False,shift,"omega_WEIGHT_plus: State(x,y) -> State(x + 0.42732348*e_3, y + (0.041710227))",352,174,0.4273234839924946,-1.1254169980279172,1.4578809958387953,3.391540582141226e-05,-0.45480043038781265,0.9997526859977944,0.015726220213564842,0.985,0.7690568450870625,0.7325490662206382,0.7148520410259842,0.06977462546482749,1.0,248.47058823529412,8,"{""bootstrap_stability"": true, ""compression"": true, ""geometry_dominance"": true, ""heldout_r2"": false, ""identity_destroyer"": false, ""model_consistency_nrmse"": true, ""model_consistency_r2"": true, ""pooled_destroyer"": false, ""step_transfer"": true, ""support_safe"": true, ""test_support"": true, ""train_support"": true}"
42,3,real,RIDGE_minus,promoted,True,context_affine,"omega_RIDGE_minus: State(x,y) -> State(x + -0.4223106*e_0, (0.0081537421)*y + (1.7198464) + (-4.3039892)*x0 + (1.2234357)*x1 + (-0.38674212)*x2 + (-2.6490959)*x3)",381,189,-0.4223106026363048,0.5911706873550322,0.6393976170153965,0.47283309169612403,0.38096032424017323,0.9407834489556426,0.24334451102163257,0.985,0.7680986415962634,0.7494248208214952,0.6908776232578854,0.03587068276150929,1.0,147.48387096774192,8,"{""bootstrap_stability"": true, ""compression"": true, ""geometry_dominance"": true, ""heldout_r2"": true, ""identity_destroyer"": true, ""model_consistency_nrmse"": true, ""model_consistency_r2"": true, ""pooled_destroyer"": true, ""step_transfer"": true, ""support_safe"": true, ""test_support"": true, ""train_support"": true}"
42,3,real,RIDGE_plus,promoted,True,context_affine,"omega_RIDGE_plus: State(x,y) -> State(x + 0.41713243*e_0, (-0.0400587)*y + (-2.1180006) + (-4.5798664)*x0 + (1.4888315)*x1 + (-0.32290094)*x2 + (-2.8697092)*x3)",380,179,0.41713242914523846,0.5937897571998316,0.6373462503225137,0.4740971195376325,0.28930644097515396,0.9284437603617184,0.26749998063230146,0.9925,0.768102070506258,0.7395143125205427,0.7014022464948324,0.05910019661513588,1.0,147.09677419354838,8,"{""bootstrap_stability"": true, ""compression"": true, ""geometry_dominance"": true, ""heldout_r2"": true, ""identity_destroyer"": true, ""model_consistency_nrmse"": true, ""model_consistency_r2"": true, ""pooled_destroyer"": true, ""step_transfer"": true, ""support_safe"": true, ""test_support"": true, ""train_support"": true}"
42,3,real,NUB_minus,rejected,False,context_affine,"omega_NUB_minus: State(x,y) -> State(x + -0.43040708*e_1, (0.077261358)*y + (-0.58720015) + (-3.226068)*x0 + (1.0095312)*x1 + (-0.40826722)*x2 + (-1.9254194)*x3)",415,214,-0.43040707940748757,0.44333120661483594,0.7461024014069141,0.22822498059001955,0.03834723367460157,0.42700910087017974,0.7569616232873503,0.9925,0.7695411351608411,0.7496165380685635,0.6921466641480986,0.08896051208077896,1.0,160.6451612903226,8,"{""bootstrap_stability"": true, ""compression"": true, ""geometry_dominance"": true, ""heldout_r2"": true, ""identity_destroyer"": true, ""model_consistency_nrmse"": false, ""model_consistency_r2"": false, ""pooled_destroyer"": true, ""step_transfer"": true, ""support_safe"": true, ""test_support"": true, ""train_support"": true}"
42,3,real,NUB_plus,promoted,True,context_affine,"omega_NUB_plus: State(x,y) -> State(x + 0.42229717*e_1, (0.088727141)*y + (0.23778082) + (-3.2098103)*x0 + (1.1365339)*x1 + (-0.37713038)*x2 + (-1.8888983)*x3)",444,203,0.4222971732051647,0.6104494310932216,0.6241398632572498,0.24814312676353403,0.07477039869224758,0.9253626415276933,0.27319838665758384,0.9875,0.7696955186874526,0.7640336255110157,0.6762650823109738,0.11090691904805644,1.0,171.8709677419355,8,"{""bootstrap_stability"": true, ""compression"": true, ""geometry_dominance"": true, ""heldout_r2"": true, ""identity_destroyer"": true, ""model_consistency_nrmse"": true, ""model_consistency_r2"": true, ""pooled_destroyer"": true, ""step_transfer"": true, ""support_safe"": true, ""test_support"": true, ""train_support"": true}"
42,3,real,CRACK_minus,candidate,False,context_affine,"omega_CRACK_minus: State(x,y) -> State(x + -0.44061898*e_2, (0.074497911)*y + (-0.079438454) + (-3.3727193)*x0 + (1.1014796)*x1 + (-0.49576277)*x2 + (-1.9059151)*x3)",433,220,-0.4406189789624219,0.49456404820218614,0.7109401886219501,0.2735550324477947,0.011336036270750405,0.90477828614216,0.3085801579133693,0.9875,0.7709776046342434,0.7737169700864489,0.6599829039049585,0.08584404234896338,1.0,167.61290322580646,8,"{""bootstrap_stability"": true, ""compression"": true, ""geometry_dominance"": true, ""heldout_r2"": true, ""identity_destroyer"": true, ""model_consistency_nrmse"": true, ""model_consistency_r2"": true, ""pooled_destroyer"": false, ""step_transfer"": true, ""support_safe"": true, ""test_support"": true, ""train_support"": true}"
42,3,real,CRACK_plus,candidate,False,context_affine,"omega_CRACK_plus: State(x,y) -> State(x + 0.44269579*e_2, (0.0052282433)*y + (-0.38852966) + (-3.7376213)*x0 + (1.2986101)*x1 + (-0.32701095)*x2 + (-2.4620662)*x3)",428,211,0.4426957922470258,0.5027121672575765,0.7051863815633591,0.1369524986649114,0.006514826340754197,0.9322607524866886,0.2602676459211007,0.99,0.7728709613268753,0.7726832271625451,0.65683290843803,0.07828318836446592,1.0,165.67741935483872,8,"{""bootstrap_stability"": true, ""compression"": true, ""geometry_dominance"": true, ""heldout_r2"": true, ""identity_destroyer"": true, ""model_consistency_nrmse"": true, ""model_consistency_r2"": true, ""pooled_destroyer"": false, ""step_transfer"": true, ""support_safe"": true, ""test_support"": true, ""train_support"": true}"
42,3,real,WEIGHT_minus,promoted,True,context_affine,"omega_WEIGHT_minus: State(x,y) -> State(x + -0.42397038*e_3, (0.008156111)*y + (1.0303048) + (-4.4375201)*x0 + (1.0974133)*x1 + (-0.36106567)*x2 + (-3.1525246)*x3)",366,203,-0.4239703820864217,0.5251606999902796,0.6890858437159484,0.33271365185667706,0.16161498088092133,0.9443012894574782,0.23600574260496673,0.9825,0.7478203781292724,0.7740401242078341,0.6591154786989178,0.06744621590472515,1.0,141.67741935483872,8,"{""bootstrap_stability"": true, ""compression"": true, ""geometry_dominance"": true, ""heldout_r2"": true, ""identity_destroyer"": true, ""model_consistency_nrmse"": true, ""model_consistency_r2"": true, ""pooled_destroyer"": true, ""step_transfer"": true, ""support_safe"": true, ""test_support"": true, ""train_support"": true}"
42,3,real,WEIGHT_plus,promoted,True,context_affine,"omega_WEIGHT_plus: State(x,y) -> State(x + 0.42489675*e_3, (0.0088818845)*y + (-1.3686501) + (-3.9208234)*x0 + (1.4102448)*x1 + (-0.30703159)*x2 + (-2.4358267)*x3)",366,188,0.4248967484130127,0.5296687348874684,0.6858070173981392,0.328859355207474,0.07765303410311607,0.9092960300457223,0.3011709978638011,0.985,0.7541055246282518,0.7675577078619403,0.6767770634524738,0.04312513476604616,1.0,141.67741935483872,8,"{""bootstrap_stability"": true, ""compression"": true, ""geometry_dominance"": true, ""heldout_r2"": true, ""identity_destroyer"": true, ""model_consistency_nrmse"": true, ""model_consistency_r2"": true, ""pooled_destroyer"": true, ""step_transfer"": true, ""support_safe"": true, ""test_support"": true, ""train_support"": true}"
42,3,pair_shuffle,RIDGE_minus,rejected,False,affine_y,"omega_RIDGE_minus: State(x,y) -> State(x + -0.4223106*e_0, (-0.042586796)*y + (0.82215572))",381,189,-0.4223106026363048,-0.04928313589135991,1.0243452230041197,0.3746654778834098,0.1415654940985659,-0.3328300069532395,1.1544825710911533,0.985,0.7680986415962634,0.7494248208214952,0.6908776232578854,0.03587068276150929,0.8333333333333334,217.71428571428572,8,"{""bootstrap_stability"": true, ""compression"": true, ""geometry_dominance"": true, ""heldout_r2"": false, ""identity_destroyer"": true, ""model_consistency_nrmse"": false, ""model_consistency_r2"": false, ""pooled_destroyer"": true, ""step_transfer"": true, ""support_safe"": true, ""test_support"": true, ""train_support"": true}"
42,3,pair_shuffle,RIDGE_plus,rejected,False,affine_y,"omega_RIDGE_plus: State(x,y) -> State(x + 0.41713243*e_0, (-0.033935335)*y + (-1.3162219))",380,179,0.41713242914523846,-0.04267053388937203,1.0211124002230958,0.3730921943620305,0.0015052204060091061,-0.18757471657604752,1.0897590176621836,0.9925,0.768102070506258,0.7395143125205427,0.7014022464948324,0.05910019661513588,1.0,217.14285714285714,8,"{""bootstrap_stability"": true, ""compression"": true, ""geometry_dominance"": true, ""heldout_r2"": false, ""identity_destroyer"": true, ""model_consistency_nrmse"": false, ""model_consistency_r2"": false, ""pooled_destroyer"": false, ""step_transfer"": true, ""support_safe"": true, ""test_support"": true, ""train_support"": true}"
42,3,pair_shuffle,NUB_minus,rejected,False,affine_y,"omega_NUB_minus: State(x,y) -> State(x + -0.43040708*e_1, (0.056263414)*y + (-0.33102408))",415,214,-0.43040707940748757,0.0023303453843023236,0.9988341477020586,0.29928836148100996,0.009433536377468854,0.04419057812936389,0.9776550628266782,0.9925,0.7695411351608411,0.7496165380685635,0.6921466641480986,0.08896051208077896,1.0,237.14285714285714,8,"{""bootstrap_stability"": true, ""compression"": true, ""geometry_dominance"": true, ""heldout_r2"": false, ""identity_destroyer"": true, ""model_consistency_nrmse"": false, ""model_consistency_r2"": false, ""pooled_destroyer"": false, ""step_transfer"": true, ""support_safe"": true, ""test_support"": true, ""train_support"": true}"
42,3,pair_shuffle,NUB_plus,rejected,False,affine_y,"omega_NUB_plus: State(x,y) -> State(x + 0.42229717*e_1, (-0.046538515)*y + (-0.26280685))",444,203,0.4222971732051647,-0.017237500348885826,1.0085819254522093,0.31395318450902265,0.0017486239465761045,-0.16418067612103804,1.0789720460331853,0.9875,0.7696955186874526,0.7640336255110157,0.6762650823109738,0.11090691904805644,1.0,253.71428571428572,8,"{""bootstrap_stability"": true, ""compression"": true, ""geometry_dominance"": true, ""heldout_r2"": false, ""identity_destroyer"": true, ""model_consistency_nrmse"": false, ""model_consistency_r2"": false, ""pooled_destroyer"": false, ""step_transfer"": true, ""support_safe"": true, ""test_support"": true, ""train_support"": true}"
42,3,pair_shuffle,CRACK_minus,rejected,False,affine_y,"omega_CRACK_minus: State(x,y) -> State(x + -0.44061898*e_2, (-0.078577376)*y + (-0.24625963))",433,220,-0.4406189789624219,-0.02189777163941864,1.0108895941889098,0.31647569588997043,-0.0012363961236759836,-0.17247287003328227,1.0828078638582574,0.9875,0.7709776046342434,0.7737169700864489,0.6599829039049585,0.08584404234896338,1.0,247.42857142857142,8,"{""bootstrap_stability"": true, ""compression"": true, ""geometry_dominance"": true, ""heldout_r2"": false, ""identity_destroyer"": true, ""model_consistency_nrmse"": false, ""model_consistency_r2"": false, ""pooled_destroyer"": false, ""step_transfer"": true, ""support_safe"": true, ""test_support"": true, ""train_support"": true}"
42,3,pair_shuffle,CRACK_plus,rejected,False,context_affine,"omega_CRACK_plus: State(x,y) -> State(x + 0.44269579*e_2, (-0.22697124)*y + (-0.43783093) + (-0.97549636)*x0 + (0.32912293)*x1 + (0.10692416)*x2 + (-0.69482129)*x3)",428,211,0.4426957922470258,0.005762927499654458,0.9971143728280852,0.30930454938749485,0.003702500707527748,-0.09279279164509191,1.0453672998736339,0.99,0.7728709613268753,0.7726832271625451,0.65683290843803,0.07828318836446592,1.0,165.67741935483872,8,"{""bootstrap_stability"": true, ""compression"": true, ""geometry_dominance"": true, ""heldout_r2"": false, ""identity_destroyer"": true, ""model_consistency_nrmse"": false, ""model_consistency_r2"": false, ""pooled_destroyer"": false, ""step_transfer"": true, ""support_safe"": true, ""test_support"": true, ""train_support"": true}"
42,3,pair_shuffle,WEIGHT_minus,rejected,False,affine_y,"omega_WEIGHT_minus: State(x,y) -> State(x + -0.42397038*e_3, (0.0090936809)*y + (0.39592287))",366,203,-0.4239703820864217,-0.01872613161292147,1.0093196379804177,0.2892076285067995,0.06057098681008376,-0.16434701945628705,1.0790491274526322,0.9825,0.7478203781292724,0.7740401242078341,0.6591154786989178,0.06744621590472515,0.9166666666666666,209.14285714285714,8,"{""bootstrap_stability"": true, ""compression"": true, ""geometry_dominance"": true, ""heldout_r2"": false, ""identity_destroyer"": true, ""model_consistency_nrmse"": false, ""model_consistency_r2"": false, ""pooled_destroyer"": true, ""step_transfer"": true, ""support_safe"": true, ""test_support"": true, ""train_support"": true}"
42,3,pair_shuffle,WEIGHT_plus,rejected,False,affine_y,"omega_WEIGHT_plus: State(x,y) -> State(x + 0.42489675*e_3, (0.012035222)*y + (-1.0253286))",366,188,0.4248967484130127,-0.01825604933547864,1.0090867402436117,0.353816173637686,-0.0020294379940711646,-0.02654135459061724,1.01318377138139,0.985,0.7541055246282518,0.7675577078619403,0.6767770634524738,0.04312513476604616,1.0,209.14285714285714,8,"{""bootstrap_stability"": true, ""compression"": true, ""geometry_dominance"": true, ""heldout_r2"": false, ""identity_destroyer"": true, ""model_consistency_nrmse"": false, ""model_consistency_r2"": false, ""pooled_destroyer"": false, ""step_transfer"": true, ""support_safe"": true, ""test_support"": true, ""train_support"": true}"
42,3,target_shuffle,RIDGE_minus,rejected,False,identity,"omega_RIDGE_minus: State(x,y) -> State(x + -0.4223106*e_0, y)",381,189,-0.4223106026363048,-1.0161498017947515,1.4199118993074014,0.0,-0.40747373434344475,0.892833835376589,0.32736243618260646,0.985,0.7680986415962634,0.7494248208214952,0.6908776232578854,0.03587068276150929,0.75,351.6923076923077,8,"{""bootstrap_stability"": true, ""compression"": true, ""geometry_dominance"": true, ""heldout_r2"": false, ""identity_destroyer"": false, ""model_consistency_nrmse"": true, ""model_consistency_r2"": true, ""pooled_destroyer"": false, ""step_transfer"": true, ""support_safe"": true, ""test_support"": true, ""train_support"": true}"
42,3,target_shuffle,RIDGE_plus,rejected,False,affine_y,"omega_RIDGE_plus: State(x,y) -> State(x + 0.41713243*e_0, (-0.0056121367)*y + (-0.58499753))",380,179,0.41713242914523846,-0.040297135233027026,1.0199495748482017,0.2747885704803972,-0.015744424869793223,-5.1637698778583045,2.482694076574539,0.9925,0.768102070506258,0.7395143125205427,0.7014022464948324,0.05910019661513588,0.625,217.14285714285714,8,"{""bootstrap_stability"": true, ""compression"": true, ""geometry_dominance"": true, ""heldout_r2"": false, ""identity_destroyer"": true, ""model_consistency_nrmse"": false, ""model_consistency_r2"": false, ""pooled_destroyer"": false, ""step_transfer"": true, ""support_safe"": true, ""test_support"": true, ""train_support"": true}"
42,3,target_shuffle,NUB_minus,rejected,False,affine_y,"omega_NUB_minus: State(x,y) -> State(x + -0.43040708*e_1, (-0.082479013)*y + (-0.18277974))",415,214,-0.43040707940748757,-0.012655491397127294,1.0063078512051504,0.2898456979610412,-0.004305152539903902,-0.4038953206758764,1.184860886634324,0.9925,0.7695411351608411,0.7496165380685635,0.6921466641480986,0.08896051208077896,1.0,237.14285714285714,8,"{""bootstrap_stability"": true, ""compression"": true, ""geometry_dominance"": true, ""heldout_r2"": false, ""identity_destroyer"": true, ""model_consistency_nrmse"": false, ""model_consistency_r2"": false, ""pooled_destroyer"": false, ""step_transfer"": true, ""support_safe"": true, ""test_support"": true, ""train_support"": true}"
42,3,target_shuffle,NUB_plus,rejected,False,affine_y,"omega_NUB_plus: State(x,y) -> State(x + 0.42229717*e_1, (-0.07518078)*y + (-0.26781297))",444,203,0.4222971732051647,-0.04446087823717382,1.0219886879203575,0.23607555602040756,-0.007224486042223626,-0.1585802256200335,1.0763736459148532,0.9875,0.7696955186874526,0.7640336255110157,0.6762650823109738,0.11090691904805644,1.0,253.71428571428572,8,"{""bootstrap_stability"": true, ""compression"": true, ""geometry_dominance"": true, ""heldout_r2"": false, ""identity_destroyer"": true, ""model_consistency_nrmse"": false, ""model_consistency_r2"": false, ""pooled_destroyer"": false, ""step_transfer"": true, ""support_safe"": true, ""test_support"": true, ""train_support"": true}"
42,3,target_shuffle,CRACK_minus,rejected,False,affine_y,"omega_CRACK_minus: State(x,y) -> State(x + -0.44061898*e_2, (0.025442729)*y + (-0.32558609))",433,220,-0.4406189789624219,-0.010955463853753677,1.0054628107760892,0.2809119726078279,-0.0013675191918710063,-0.03429689985167528,1.0170038838921291,0.9875,0.7709776046342434,0.7737169700864489,0.6599829039049585,0.08584404234896338,1.0,247.42857142857142,8,"{""bootstrap_stability"": true, ""compression"": true, ""geometry_dominance"": true, ""heldout_r2"": false, ""identity_destroyer"": true, ""model_consistency_nrmse"": false, ""model_consistency_r2"": false, ""pooled_destroyer"": false, ""step_transfer"": true, ""support_safe"": true, ""test_support"": true, ""train_support"": true}"
42,3,target_shuffle,CRACK_plus,rejected,False,affine_y,"omega_CRACK_plus: State(x,y) -> State(x + 0.44269579*e_2, (0.047941646)*y + (-0.089405796))",428,211,0.4426957922470258,-0.023626926732079,1.0117444967639204,0.3139863558679011,-0.008603376801616306,-0.2309629906235473,1.1094877154000162,0.99,0.7728709613268753,0.7726832271625451,0.65683290843803,0.07828318836446592,1.0,244.57142857142858,8,"{""bootstrap_stability"": true, ""compression"": true, ""geometry_dominance"": true, ""heldout_r2"": false, ""identity_destroyer"": true, ""model_consistency_nrmse"": false, ""model_consistency_r2"": false, ""pooled_destroyer"": false, ""step_transfer"": true, ""support_safe"": true, ""test_support"": true, ""train_support"": true}"
42,3,target_shuffle,WEIGHT_minus,rejected,False,identity,"omega_WEIGHT_minus: State(x,y) -> State(x + -0.42397038*e_3, y)",366,203,-0.4239703820864217,-0.699547472887647,1.3036669332646458,0.0,-0.29947447990791454,0.6399050654054277,0.6000791069472193,0.9825,0.7478203781292724,0.7740401242078341,0.6591154786989178,0.06744621590472515,1.0,337.84615384615387,8,"{""bootstrap_stability"": true, ""compression"": true, ""geometry_dominance"": true, ""heldout_r2"": false, ""identity_destroyer"": false, ""model_consistency_nrmse"": false, ""model_consistency_r2"": false, ""pooled_destroyer"": false, ""step_transfer"": true, ""support_safe"": true, ""test_support"": true, ""train_support"": true}"
42,3,target_shuffle,WEIGHT_plus,rejected,False,shift,"omega_WEIGHT_plus: State(x,y) -> State(x + 0.42489675*e_3, y + (-0.084234699))",366,188,0.4248967484130127,-0.9958055565353185,1.4127298243242827,-0.0002883060275202003,-0.4108358640231389,0.9990430891016785,0.030933976438884656,0.985,0.7541055246282518,0.7675577078619403,0.6767770634524738,0.04312513476604616,0.75,258.3529411764706,8,"{""bootstrap_stability"": true, ""compression"": true, ""geometry_dominance"": true, ""heldout_r2"": false, ""identity_destroyer"": false, ""model_consistency_nrmse"": true, ""model_consistency_r2"": true, ""pooled_destroyer"": false, ""step_transfer"": true, ""support_safe"": true, ""test_support"": true, ""train_support"": true}"
