method,label,primitive_regime,include_sqrt,seed,n,noise,k_folds,R2_oof,MSE_oof,elapsed_sec,prediction_pass,terminal_span_pass,terminal_selected_span_corr,terminal_subexpr_span_corr,radical_in_discovery,radical_single_corr,radical_subexpr_span_corr,radical_product_pass,vieta_gate_pass,strict_A0_not_eligible,best_expression_or_abstraction,error
FASE,FASE_strict_A0,strict A0,False,42,50,0.0,,0.9341700200584485,0.028042034449506904,20.823317766189575,False,True,0.9999996238943243,0.9999996238947964,True,0.9915470018923752,0.9999994944194195,True,False,True,x1*sqrt_pos(2 + x0),
FASE,FASE_A0r,A0r = A0 + sqrt_pos,True,42,50,0.0,,0.6373729359976462,0.15447066260852765,31.804495811462402,False,True,0.9999999988231248,0.9999999993284335,True,1.0,0.9999999999887202,True,False,False,x1*sqrt_pos(2 + x0),
FASE,FASE_strict_A0,strict A0,False,42,50,0.001,,0.9347267907994192,0.027807345922606697,20.856964826583862,False,True,0.9999998440474364,0.99999984406896,True,0.9915470018923752,0.9999995613479796,True,False,True,x1*sqrt_pos(2 + x0),
FASE,FASE_A0r,A0r = A0 + sqrt_pos,True,42,50,0.001,,0.9988794536958358,0.0004773691853642703,32.30061197280884,True,True,0.9999999981784028,0.9999999998141773,True,1.0,0.9999999999868168,True,True,False,x1*sqrt_pos(2 + x0),
FASE,FASE_strict_A0,strict A0,False,42,50,0.01,,0.9877376614864816,0.005229215218387475,21.5103600025177,True,True,0.9999996287948385,0.9999997024123519,True,0.9915470018923752,0.999998984193117,True,False,True,x1*sqrt_pos(2 + x0),
FASE,FASE_A0r,A0r = A0 + sqrt_pos,True,42,50,0.01,,0.7526058719322454,0.1055000347613473,34.891834020614624,False,True,0.9999999997518533,0.9999999999061013,True,1.0,0.9999999999881263,True,False,False,x1*sqrt_pos(2 + x0),
FASE,FASE_strict_A0,strict A0,False,42,50,0.05,,0.9798994713039209,0.008648824567581275,20.680974006652832,True,True,0.9999969345356043,0.999998449269311,True,0.9915470018923752,0.9999869799147864,True,False,True,x1*sqrt_pos(2 + x0),
FASE,FASE_A0r,A0r = A0 + sqrt_pos,True,42,50,0.05,,-296819295080843.44,127714949703194.27,31.26843786239624,False,True,0.9999999980074796,0.999999999902288,True,1.0,0.9999999997539053,True,False,False,x1*sqrt_pos(2 + x0),
FASE,FASE_strict_A0,strict A0,False,42,50,0.1,,0.41837489615904844,0.25561151291187234,21.956907987594604,False,True,0.9999989513813304,0.9999989521092019,True,0.9915470018923752,0.9999949967018977,True,False,True,x1*sqrt_pos(2 + x0),
FASE,FASE_A0r,A0r = A0 + sqrt_pos,True,42,50,0.1,,0.9551873115938931,0.019694196494423704,31.68455410003662,True,True,0.9999999910826729,0.9999999999105715,True,1.0,0.9999999998292055,True,True,False,x1*sqrt_pos(2 + x0),
FASE,FASE_strict_A0,strict A0,False,42,50,0.2,,-1226.3054681180452,579.9890225013363,23.697707891464233,False,True,0.9999999713000834,0.9999999752319004,True,0.9915470018923752,0.9999995030970403,False,False,True,x1*sqrt_pos(2 + x0),
FASE,FASE_A0r,A0r = A0 + sqrt_pos,True,42,50,0.2,,0.7794550189432012,0.10422317125079852,32.97572088241577,False,True,0.9999999937291312,0.9999999999713527,True,1.0,0.9999999999128522,False,False,False,x1*sqrt_pos(2 + x0),
FASE,FASE_strict_A0,strict A0,False,42,80,0.0,,0.9979918941489481,0.0008905466612412892,22.794795036315918,True,True,0.9999997297792416,0.9999997876443012,True,0.9893442242743948,0.9999999057502887,True,False,True,x1*sqrt_pos(2 + x0),
FASE,FASE_A0r,A0r = A0 + sqrt_pos,True,42,80,0.0,,0.9977159960617951,0.0010129008290897014,31.011927604675293,True,True,0.9999999277845782,0.9999999490674336,True,1.0,0.9999999994761316,True,True,False,x1*sqrt_pos(2 + x0),
FASE,FASE_strict_A0,strict A0,False,42,80,0.001,,0.9981144361694861,0.0008360492102327905,23.043169021606445,True,True,0.999999729778508,0.99999978764437,True,0.9893442242743948,0.9999999057506074,True,False,True,x1*sqrt_pos(2 + x0),
FASE,FASE_A0r,A0r = A0 + sqrt_pos,True,42,80,0.001,,0.9979206612651398,0.000921967996497133,31.2692711353302,True,True,0.9999990634114749,0.9999995626372393,True,0.9942956892500363,0.9999947997876608,True,True,False,x1*sqrt_pos(2 + x0),
FASE,FASE_strict_A0,strict A0,False,42,80,0.01,,0.9921200248312714,0.003488860336241937,22.795294761657715,True,True,0.9999998960300154,0.9999998960308878,True,0.9893442242743948,0.9999998290805733,True,False,True,x1*sqrt_pos(2 + x0),
FASE,FASE_A0r,A0r = A0 + sqrt_pos,True,42,80,0.01,,0.9954780768375661,0.0020020822435529344,31.7446870803833,True,True,0.99999966525878,0.9999999364653266,True,1.0,0.9999999998211135,True,True,False,x1*sqrt_pos(2 + x0),
FASE,FASE_strict_A0,strict A0,False,42,80,0.05,,0.555960147671463,0.19615527341863764,21.927496194839478,False,True,0.9999968379081224,0.9999968720784933,True,0.9893442242743948,0.9999945147753113,True,False,True,x1*sqrt_pos(2 + x0),
FASE,FASE_A0r,A0r = A0 + sqrt_pos,True,42,80,0.05,,0.9868233424235276,0.005820808326330934,35.750590801239014,True,True,0.9999999943579297,0.9999999933476037,True,1.0,0.999999999039393,True,True,False,x1*sqrt_pos(2 + x0),
FASE,FASE_strict_A0,strict A0,False,42,80,0.1,,-0.9572704600454858,0.8705709348812476,21.344342708587646,False,True,0.9999741161815404,0.9999741161749314,True,0.9893442242743948,0.9999958447503817,True,False,True,x1*sqrt_pos(2 + x0),
FASE,FASE_A0r,A0r = A0 + sqrt_pos,True,42,80,0.1,,0.9599005777201093,0.017835752521187652,34.11519694328308,True,True,0.9999999997640854,0.9999999995663096,True,1.0,0.9999999994448129,True,True,False,x1*sqrt_pos(2 + x0),
FASE,FASE_strict_A0,strict A0,False,42,80,0.2,,0.8520320420265733,0.06882661777149529,22.77225971221924,False,True,0.999995598970678,0.9999956002281759,True,0.9893442242743948,0.9999905842391087,False,False,True,x1*sqrt_pos(2 + x0),
FASE,FASE_A0r,A0r = A0 + sqrt_pos,True,42,80,0.2,,0.8532576553235816,0.0682565293612464,32.247902154922485,False,True,0.9999974680861452,0.9999999885482841,True,1.0,0.9999999999295931,False,False,False,x1*sqrt_pos(2 + x0),
FASE,FASE_strict_A0,strict A0,False,42,160,0.0,,0.9999424945683846,2.988016795765243e-05,22.074456930160522,True,True,0.9999999513819487,0.9999999513831187,True,0.9889809472334999,0.999999902967904,True,False,True,x1*sqrt_pos(2 + x0),
FASE,FASE_A0r,A0r = A0 + sqrt_pos,True,42,160,0.0,,0.9996224025546483,0.0001962019025081843,35.04626202583313,True,True,0.9999982617499936,0.9999985216321353,True,1.0,0.9999999999863574,True,True,False,x1*sqrt_pos(2 + x0),
FASE,FASE_strict_A0,strict A0,False,42,160,0.001,,0.9999397523054884,3.1306626415511234e-05,22.42039394378662,True,True,0.9999990940776157,0.9999990940780796,True,0.9889809472334999,0.9999958975481068,True,False,True,x1*sqrt_pos(2 + x0),
FASE,FASE_A0r,A0r = A0 + sqrt_pos,True,42,160,0.001,,0.9996854205457756,0.0001634655322704075,33.601908922195435,True,True,0.9999996265904757,0.999999789007575,True,1.0,0.9999999996916971,True,True,False,x1*sqrt_pos(2 + x0),
FASE,FASE_strict_A0,strict A0,False,42,160,0.01,,0.9997373215956658,0.00013658140028527385,21.71245813369751,True,True,0.999999815128108,0.999999815128135,True,0.9889809472334999,0.9999998152032876,True,False,True,x1*sqrt_pos(2 + x0),
FASE,FASE_A0r,A0r = A0 + sqrt_pos,True,42,160,0.01,,0.9995291445819363,0.00024482443653500946,36.029680013656616,True,True,0.9999933108334215,0.9999943470615059,True,1.0,0.9999999997007875,True,True,False,x1*sqrt_pos(2 + x0),
FASE,FASE_strict_A0,strict A0,False,42,160,0.05,,0.9943824193079518,0.002940190688844521,21.51986312866211,True,True,0.9999958461698227,0.9999962717356259,True,0.9889809472334999,0.9999988469445201,True,False,True,x1*sqrt_pos(2 + x0),
FASE,FASE_A0r,A0r = A0 + sqrt_pos,True,42,160,0.05,,0.9897930933439301,0.005342202196501127,36.969078063964844,True,True,0.9999998784500935,0.9999999386696432,True,1.0,0.9999999995127027,True,True,False,x1*sqrt_pos(2 + x0),
FASE,FASE_strict_A0,strict A0,False,42,160,0.1,,0.9685146800339925,0.016758196058903378,22.94564914703369,True,True,0.9999802055469796,0.9999802227738716,True,0.9889809472334999,0.9999263352153825,True,False,True,x1*sqrt_pos(2 + x0),
FASE,FASE_A0r,A0r = A0 + sqrt_pos,True,42,160,0.1,,0.9694227809430871,0.0162748554705814,32.93113374710083,True,True,0.9999996764876382,0.9999999276667901,True,1.0,0.9999999999972107,True,True,False,x1*sqrt_pos(2 + x0),
FASE,FASE_strict_A0,strict A0,False,42,160,0.2,,0.9193729026100539,0.04557175453513466,21.59525775909424,False,True,0.9999946663890033,0.9999946664437059,True,0.9889809472334999,0.9999923278681923,False,False,True,x1*sqrt_pos(2 + x0),
FASE,FASE_A0r,A0r = A0 + sqrt_pos,True,42,160,0.2,,0.9139607227228836,0.048630807152708753,36.03878974914551,False,True,0.9997382545376626,0.9999997789147265,True,1.0,0.9999999999971548,False,False,False,x1*sqrt_pos(2 + x0),
FASE,FASE_strict_A0,strict A0,False,42,320,0.0,,0.9999588138561547,2.0515969814451815e-05,23.408674001693726,True,True,0.9999994588881752,0.9999994588881729,True,0.9893528159132522,0.9999989030921769,True,False,True,x1*sqrt_pos(2 + x0),
FASE,FASE_A0r,A0r = A0 + sqrt_pos,True,42,320,0.0,,0.9997017987593162,0.00014854237569491424,31.706818103790283,True,True,0.9999406777820107,0.9999957021650535,True,0.9999999999999998,0.9999999999984988,True,True,False,x1*sqrt_pos(2 + x0),
FASE,FASE_strict_A0,strict A0,False,42,320,0.001,,0.9999257589197428,3.6989325019382184e-05,23.213289976119995,True,True,0.9999994588881744,0.999999458888173,True,0.9893528159132522,0.9999989030921772,True,False,True,x1*sqrt_pos(2 + x0),
FASE,FASE_A0r,A0r = A0 + sqrt_pos,True,42,320,0.001,,0.9996874117793103,0.0001557416359280035,31.837717056274414,True,True,0.9999405853650566,0.9999956865763839,True,0.9999999999999998,0.9999999999997007,True,True,False,x1*sqrt_pos(2 + x0),
FASE,FASE_strict_A0,strict A0,False,42,320,0.01,,0.9997083237342868,0.00014562422591393484,23.3316490650177,True,True,0.9999994597654095,0.9999994597654077,True,0.9893528159132522,0.9999989048249648,True,False,True,x1*sqrt_pos(2 + x0),
FASE,FASE_A0r,A0r = A0 + sqrt_pos,True,42,320,0.01,,0.999425467079373,0.0002868451144758035,32.0842969417572,True,True,0.9998581231726188,0.9999946719346715,True,0.9999999999999998,0.9999999999980868,True,True,False,x1*sqrt_pos(2 + x0),
FASE,FASE_strict_A0,strict A0,False,42,320,0.05,,0.9945783009329248,0.0027427073793516465,23.87062406539917,True,True,0.999999454765744,0.999999454765743,True,0.9893528159132522,0.9999989042951118,True,False,True,x1*sqrt_pos(2 + x0),
FASE,FASE_A0r,A0r = A0 + sqrt_pos,True,42,320,0.05,,0.9941659623262737,0.0029512995799260374,32.160764932632446,True,True,0.9999983576145804,0.9999999831126157,True,0.9999999999999998,0.9999999999290141,True,True,False,x1*sqrt_pos(2 + x0),
FASE,FASE_strict_A0,strict A0,False,42,320,0.1,,0.5388695992398752,0.23921634366940184,23.758315086364746,False,True,0.9999953227672991,0.9999954950004316,True,0.9893528159132522,0.9999989847840973,True,False,True,x1*sqrt_pos(2 + x0),
FASE,FASE_A0r,A0r = A0 + sqrt_pos,True,42,320,0.1,,0.978819147598372,0.010987794469778264,30.354641914367676,True,True,0.9999999999990344,0.9999999999965256,True,0.9999999999999998,0.9999999999987028,True,True,False,x1*sqrt_pos(2 + x0),
FASE,FASE_strict_A0,strict A0,False,42,320,0.2,,0.9171371265265927,0.0463982663728613,22.122124910354614,False,True,0.9999441658583986,0.9999441658584381,True,0.9893528159132522,0.9999278691323737,False,False,True,x1*sqrt_pos(2 + x0),
FASE,FASE_A0r,A0r = A0 + sqrt_pos,True,42,320,0.2,,0.919156311374438,0.04526764330248907,34.089850664138794,False,True,0.9999999999984391,0.9999999999936566,True,0.9999999999999998,0.9999999999979441,False,False,False,x1*sqrt_pos(2 + x0),
FASE,FASE_strict_A0,strict A0,False,42,640,0.0,,0.9998206565120694,8.95073826266258e-05,23.881707906723022,True,True,0.9999990721048705,0.99999907210487,True,0.9892618102457356,0.999998658283801,True,False,True,x1*sqrt_pos(2 + x0),
FASE,FASE_A0r,A0r = A0 + sqrt_pos,True,42,640,0.0,,0.9998900264837071,5.488597169160012e-05,38.083017110824585,True,True,0.9999999999999863,0.999999999999524,True,0.9999999999999998,0.9999999999938036,True,True,False,x1*sqrt_pos(2 + x0),
FASE,FASE_strict_A0,strict A0,False,42,640,0.001,,0.9999386174355467,3.0631423489051395e-05,24.53647804260254,True,True,0.9910134716167984,0.9999790469200723,True,0.9892618102457356,0.9999063612121977,True,False,True,x1*sqrt_pos(2 + x0),
FASE,FASE_A0r,A0r = A0 + sqrt_pos,True,42,640,0.001,,0.9998876396474032,5.6070605300085e-05,37.313072204589844,True,True,0.9999999999999863,0.999999999999524,True,0.9999999999999998,0.9999999999938036,True,True,False,x1*sqrt_pos(2 + x0),
FASE,FASE_strict_A0,strict A0,False,42,640,0.01,,0.9997126540830391,0.00014326825881335817,25.179250955581665,True,True,0.9991416083490793,0.9999984358971485,True,0.9892618102457356,0.9999902933304303,True,False,True,x1*sqrt_pos(2 + x0),
FASE,FASE_A0r,A0r = A0 + sqrt_pos,True,42,640,0.01,,0.9995451412428068,0.00022678875286736617,36.525079011917114,True,True,0.9998831738345706,0.9999997932300014,True,0.9999999999999998,0.9999999999998992,True,True,False,x1*sqrt_pos(2 + x0),
FASE,FASE_strict_A0,strict A0,False,42,640,0.05,,0.9945371225328348,0.0027245512311080953,25.981382846832275,True,True,0.9999945338462396,0.9999945338462397,True,0.9892618102457356,0.9999912944604317,True,False,True,x1*sqrt_pos(2 + x0),
FASE,FASE_A0r,A0r = A0 + sqrt_pos,True,42,640,0.05,,0.9939167323411973,0.0030339641495843246,32.55048179626465,True,True,0.9998485625370407,0.9999915375170313,True,0.9999999999999998,0.9999999999950763,True,True,False,x1*sqrt_pos(2 + x0),
FASE,FASE_strict_A0,strict A0,False,42,640,0.1,,0.9781702425557012,0.010995286442513394,24.78403091430664,True,True,0.9999948995779713,0.9999951284523259,True,0.9892618102457356,0.9999908806844157,True,False,True,x1*sqrt_pos(2 + x0),
FASE,FASE_A0r,A0r = A0 + sqrt_pos,True,42,640,0.1,,0.9781439203934876,0.011008544478662584,35.283238887786865,True,True,0.9999966744337826,0.9999990009468064,True,0.9999999999999998,0.9999999999998069,True,True,False,x1*sqrt_pos(2 + x0),
FASE,FASE_strict_A0,strict A0,False,42,640,0.2,,0.9110551880820088,0.04709069906721911,25.55478811264038,False,True,0.9999727041070503,0.9999727041070757,True,0.9892618102457356,0.999910902409115,False,False,True,x1*sqrt_pos(2 + x0),
FASE,FASE_A0r,A0r = A0 + sqrt_pos,True,42,640,0.2,,0.917720680565967,0.043561738873494814,39.02730107307434,False,True,0.9999924119693718,0.9999999087451655,True,0.9999999999999998,0.9999999999994517,False,False,False,x1*sqrt_pos(2 + x0),
FASE,FASE_strict_A0,strict A0,False,1337,50,0.0,,0.9997312890462348,0.00014025881612710788,22.418348789215088,True,True,0.999999835182817,0.9999998387335586,True,0.9900338808142216,0.9999994412250852,True,False,True,x1*sqrt_pos(2 + x0),
FASE,FASE_A0r,A0r = A0 + sqrt_pos,True,1337,50,0.0,,0.9994248815501922,0.0003001940627005066,29.60093903541565,True,True,0.9999999824487983,0.9999999974186531,True,1.0,0.9999999993691673,True,True,False,x1*sqrt_pos(2 + x0),
FASE,FASE_strict_A0,strict A0,False,1337,50,0.001,,0.999375811068267,0.00032594233442918646,21.523056030273438,True,True,0.999999779443285,0.9999998141200114,True,0.9900338808142216,0.9999993636387802,True,False,True,x1*sqrt_pos(2 + x0),
FASE,FASE_A0r,A0r = A0 + sqrt_pos,True,1337,50,0.001,,0.9994144830119182,0.0003057484108432905,29.885016679763794,True,True,0.9999999770776573,0.9999999979724637,True,1.0,0.99999999943154,True,True,False,x1*sqrt_pos(2 + x0),
FASE,FASE_strict_A0,strict A0,False,1337,50,0.01,,0.9994770818667035,0.0002741114778983687,21.50566601753235,True,True,0.9999966343425991,0.9999966343445075,True,0.9900338808142216,0.9999857151860074,True,False,True,x1*sqrt_pos(2 + x0),
FASE,FASE_A0r,A0r = A0 + sqrt_pos,True,1337,50,0.01,,0.9994360104939126,0.0002956409181265499,34.596465826034546,True,True,0.9999999775595227,0.9999999993247921,True,1.0,0.9999999999790046,True,True,False,x1*sqrt_pos(2 + x0),
FASE,FASE_strict_A0,strict A0,False,1337,50,0.05,,0.8140300997470888,0.09940520428421414,21.066337823867798,False,True,0.9999998494513497,0.9999998499071221,True,0.9900338808142216,0.9999990091109635,True,False,True,x1*sqrt_pos(2 + x0),
FASE,FASE_A0r,A0r = A0 + sqrt_pos,True,1337,50,0.05,,0.9930175853069751,0.0037322618230870045,38.143672943115234,True,True,0.9999999708399299,0.9999999981263886,True,0.9953687654175543,0.9999999999398074,True,True,False,x1*sqrt_pos(2 + x0),
FASE,FASE_strict_A0,strict A0,False,1337,50,0.1,,-2.1874272200431415,1.7550885511056245,23.55943512916565,False,True,0.9999997553990722,0.9999997578523242,True,0.9900338808142216,0.9999984974042051,True,False,True,x1*sqrt_pos(2 + x0),
FASE,FASE_A0r,A0r = A0 + sqrt_pos,True,1337,50,0.1,,-40124056011381.47,22093452326276.188,38.133312940597534,False,True,0.999999784858324,0.9999999975061311,True,1.0,0.999999999882915,True,False,False,x1*sqrt_pos(2 + x0),
FASE,FASE_strict_A0,strict A0,False,1337,50,0.2,,0.9292046146261598,0.042016649837569774,22.16263508796692,False,True,0.9999975039754798,0.999997504937189,True,0.9900338808142216,0.9999943898855228,True,False,True,x1*sqrt_pos(2 + x0),
FASE,FASE_A0r,A0r = A0 + sqrt_pos,True,1337,50,0.2,,-8.026277475099813e+16,4.763549041927468e+16,36.69450807571411,False,True,0.9999999377061619,0.9999999991389423,True,1.0,0.9999999996798327,True,False,False,x1*sqrt_pos(2 + x0),
FASE,FASE_strict_A0,strict A0,False,1337,80,0.0,,0.9973521988039916,0.0013338693448278188,22.064058780670166,True,True,0.9999996346732727,0.9999997152432176,True,0.9902404929767894,0.9999996658384755,True,False,True,x1*sqrt_pos(2 + x0),
FASE,FASE_A0r,A0r = A0 + sqrt_pos,True,1337,80,0.0,,0.9918659220227123,0.0040976631020105455,34.46576690673828,True,True,0.9999993631401777,0.999999911667103,True,1.0,0.9999999999170116,True,True,False,x1*sqrt_pos(2 + x0),
FASE,FASE_strict_A0,strict A0,False,1337,80,0.001,,0.9995456839110187,0.0002289480937207673,22.17248010635376,True,True,0.9999991416656597,0.9999991416655953,True,0.9902404929767894,0.9999990054031598,True,False,True,x1*sqrt_pos(2 + x0),
FASE,FASE_A0r,A0r = A0 + sqrt_pos,True,1337,80,0.001,,0.9926616876868577,0.003698069815200699,34.39130902290344,True,True,0.9999996829747789,0.9999999451410312,True,1.0,0.999999999895075,True,True,False,x1*sqrt_pos(2 + x0),
FASE,FASE_strict_A0,strict A0,False,1337,80,0.01,,-1.9870485431467193,1.510267001669784,23.062333822250366,False,True,0.9999994721043198,0.9999994723848655,True,0.9902404929767894,0.9999989665804282,True,False,True,x1*sqrt_pos(2 + x0),
FASE,FASE_A0r,A0r = A0 + sqrt_pos,True,1337,80,0.01,,0.9985097618916655,0.0007534719999151498,35.22868204116821,True,True,0.9999146117545249,0.9999993891767534,True,0.9955090272405831,0.9999988409983869,True,True,False,x1*sqrt_pos(2 + x0),
FASE,FASE_strict_A0,strict A0,False,1337,80,0.05,,0.9653851841185792,0.01782420259535918,22.159623861312866,True,True,0.99995532384677,0.9999553238502644,True,0.9902404929767894,0.9999299882820504,True,False,True,x1*sqrt_pos(2 + x0),
FASE,FASE_A0r,A0r = A0 + sqrt_pos,True,1337,80,0.05,,-11.098502721848774,6.229880417491505,38.58109998703003,False,True,0.9999996747820483,0.9999999934217959,True,1.0,0.9999999991685211,True,False,False,x1*sqrt_pos(2 + x0),
FASE,FASE_strict_A0,strict A0,False,1337,80,0.1,,0.9296868349644176,0.037336627682544136,21.91969108581543,False,True,0.999958577218151,0.9999697767225771,True,0.9902404929767894,0.9998972277273326,True,False,True,x1*sqrt_pos(2 + x0),
FASE,FASE_A0r,A0r = A0 + sqrt_pos,True,1337,80,0.1,,0.9726827905138687,0.014505569183148001,37.94351077079773,True,True,0.9999910787912284,0.9999999844520866,True,1.0,0.99999999886515,True,True,False,x1*sqrt_pos(2 + x0),
FASE,FASE_strict_A0,strict A0,False,1337,80,0.2,,-11311307.852659017,6536630.709960857,23.926748037338257,False,True,0.99988896788856,0.9999421176084304,True,0.9902404929767894,0.9999525363899381,False,False,True,x1*sqrt_pos(2 + x0),
FASE,FASE_A0r,A0r = A0 + sqrt_pos,True,1337,80,0.2,,-139.8913413726972,81.41893045099347,29.584482192993164,False,True,0.9997993781805153,0.999999789796551,True,1.0,0.9999999999918386,False,False,False,x1*sqrt_pos(2 + x0),
FASE,FASE_strict_A0,strict A0,False,1337,160,0.0,,0.9708059879471157,0.015559046705164017,22.931666135787964,True,True,0.9999991606677159,0.9999991606677785,True,0.989270110735748,0.9999990421632543,True,False,True,x1*sqrt_pos(2 + x0),
FASE,FASE_A0r,A0r = A0 + sqrt_pos,True,1337,160,0.0,,0.9994323486761997,0.00030253167818314206,35.34509062767029,True,True,0.9999912842061418,0.9999920514673911,True,1.0,0.9999999999583324,True,True,False,x1*sqrt_pos(2 + x0),
FASE,FASE_strict_A0,strict A0,False,1337,160,0.001,,0.9760278959740675,0.012777731722632676,22.790994882583618,True,True,0.9999991606677072,0.999999160667795,True,0.989270110735748,0.999999042163314,True,False,True,x1*sqrt_pos(2 + x0),
FASE,FASE_A0r,A0r = A0 + sqrt_pos,True,1337,160,0.001,,0.9993671140706009,0.00033734404823802317,34.88493061065674,True,True,0.9999782454766026,0.9999799259503969,True,1.0,0.9999999999790673,True,True,False,x1*sqrt_pos(2 + x0),
FASE,FASE_strict_A0,strict A0,False,1337,160,0.01,,0.35857111851569734,0.34236495221184016,23.528833866119385,False,True,0.9999991378133116,0.9999991378133032,True,0.989270110735748,0.9999989839698378,True,False,True,x1*sqrt_pos(2 + x0),
FASE,FASE_A0r,A0r = A0 + sqrt_pos,True,1337,160,0.01,,0.9993646003913107,0.0003391468063629104,35.61690402030945,True,True,0.9999963081222171,0.9999965170742967,True,1.0,0.9999999999002688,True,True,False,x1*sqrt_pos(2 + x0),
FASE,FASE_strict_A0,strict A0,False,1337,160,0.05,,0.9948057120278557,0.0027987184489494795,24.12302803993225,True,True,0.9999974730326772,0.999997473057564,True,0.989270110735748,0.9999927990807633,True,False,True,x1*sqrt_pos(2 + x0),
FASE,FASE_A0r,A0r = A0 + sqrt_pos,True,1337,160,0.05,,0.974470676266401,0.013755377003661121,38.25217294692993,True,True,0.9999998609969966,0.9999999736452859,True,1.0,0.999999999856217,True,True,False,x1*sqrt_pos(2 + x0),
FASE,FASE_strict_A0,strict A0,False,1337,160,0.1,,0.9737635336759395,0.014411478664406101,24.0934579372406,True,True,0.9999803305769056,0.9999803305769204,True,0.989270110735748,0.9999179878712621,True,False,True,x1*sqrt_pos(2 + x0),
FASE,FASE_A0r,A0r = A0 + sqrt_pos,True,1337,160,0.1,,0.8978170779985717,0.0561282522616159,41.08106589317322,False,True,0.9999961106785296,0.9999999786924817,True,1.0,0.999999999998969,True,False,False,x1*sqrt_pos(2 + x0),
FASE,FASE_strict_A0,strict A0,False,1337,160,0.2,,0.9247840390065071,0.04393785019765051,23.33021378517151,False,True,0.9999976792942262,0.9999976792942828,True,0.9892701107357481,0.9999928682747898,False,False,True,x1*sqrt_pos(2 + x0),
FASE,FASE_A0r,A0r = A0 + sqrt_pos,True,1337,160,0.2,,0.9057879682853153,0.05503451769570864,43.04430103302002,False,True,0.9999279706429637,0.9999999482164107,True,1.0,0.999999999992264,False,False,False,x1*sqrt_pos(2 + x0),
FASE,FASE_strict_A0,strict A0,False,1337,320,0.0,,0.9999447907351687,2.9497218933035088e-05,23.701267957687378,True,True,0.9924634107215773,0.9999776863642574,True,0.9882029860247717,0.99990286623535,True,False,True,x1*sqrt_pos(2 + x0),
FASE,FASE_A0r,A0r = A0 + sqrt_pos,True,1337,320,0.0,,0.9997835182320397,0.0001156619296426163,39.83988976478577,True,True,0.9998837772359865,0.9999875915246553,True,0.9936428743333543,0.9999993637710134,True,True,False,x1*sqrt_pos(2 + x0),
FASE,FASE_strict_A0,strict A0,False,1337,320,0.001,,0.99991887605815,4.334646890830511e-05,23.465716123580933,True,True,0.9999992596946017,0.999999259694599,True,0.9882029860247717,0.999998695468648,True,False,True,x1*sqrt_pos(2 + x0),
FASE,FASE_A0r,A0r = A0 + sqrt_pos,True,1337,320,0.001,,0.9997869938955404,0.00011381427324269798,39.10587000846863,True,True,0.9998837772359864,0.9999875915246564,True,0.9936428743333543,0.999999363771017,True,True,False,x1*sqrt_pos(2 + x0),
FASE,FASE_strict_A0,strict A0,False,1337,320,0.01,,0.999725115258631,0.00014701385767334774,23.146660089492798,True,True,0.9913911933418095,0.9999774912650483,True,0.9882029860247717,0.9999021546607222,True,False,True,x1*sqrt_pos(2 + x0),
FASE,FASE_A0r,A0r = A0 + sqrt_pos,True,1337,320,0.01,,0.9996107800781426,0.0002081625990245207,41.768239974975586,True,True,0.9999982497316079,0.9999983506320748,True,0.9936428743333543,0.9999998465584314,True,True,False,x1*sqrt_pos(2 + x0),
FASE,FASE_strict_A0,strict A0,False,1337,320,0.05,,0.99440714337035,0.00301594041158837,23.583157062530518,True,True,0.9999783844469109,0.9999784377837088,True,0.9882029860247717,0.9999065655974179,True,False,True,x1*sqrt_pos(2 + x0),
FASE,FASE_A0r,A0r = A0 + sqrt_pos,True,1337,320,0.05,,0.9929664187083533,0.003792849246878797,34.396223068237305,True,True,0.9999994598888157,0.9999999821170485,True,1.0,0.9999999999501555,True,True,False,x1*sqrt_pos(2 + x0),
FASE,FASE_strict_A0,strict A0,False,1337,320,0.1,,0.9781519940325905,0.012014022663357396,22.067205905914307,True,True,0.9999943938742634,0.9999943963956893,True,0.9882029860247717,0.9999797308334487,True,False,True,x1*sqrt_pos(2 + x0),
FASE,FASE_A0r,A0r = A0 + sqrt_pos,True,1337,320,0.1,,0.9467440874299343,0.029284949003078663,34.982869148254395,False,True,0.9999984125533391,0.9999993859218353,True,1.0,0.9999999999971155,True,False,False,x1*sqrt_pos(2 + x0),
FASE,FASE_strict_A0,strict A0,False,1337,320,0.2,,0.9102436198498526,0.052794495522373676,24.44613790512085,False,True,0.9999971447149288,0.9999971482443747,True,0.9882029860247717,0.9999988136229917,False,False,True,x1*sqrt_pos(2 + x0),
FASE,FASE_A0r,A0r = A0 + sqrt_pos,True,1337,320,0.2,,0.8863422570545831,0.06685322192112768,40.4920608997345,False,True,0.9999997056010824,0.9999997912127412,True,1.0,0.9999999999979243,False,False,False,x1*sqrt_pos(2 + x0),
FASE,FASE_strict_A0,strict A0,False,1337,640,0.0,,0.9997998588257473,9.095895902302101e-05,24.99116325378418,True,True,0.9999990120844268,0.9999990126999996,True,0.9879005789296113,0.9999984619521152,True,False,True,x1*sqrt_pos(2 + x0),
FASE,FASE_A0r,A0r = A0 + sqrt_pos,True,1337,640,0.0,,0.9998716478097575,5.8332732664230436e-05,33.559487104415894,True,True,0.9998715881524503,0.999999978667903,True,1.0,0.9999999999973789,True,True,False,x1*sqrt_pos(2 + x0),
FASE,FASE_strict_A0,strict A0,False,1337,640,0.001,,0.999858274251837,6.441730114772487e-05,24.54218602180481,True,True,0.9999990120844269,0.9999990126999994,True,0.9879005789296113,0.9999984619521155,True,False,True,x1*sqrt_pos(2 + x0),
FASE,FASE_A0r,A0r = A0 + sqrt_pos,True,1337,640,0.001,,0.9998705253353822,5.884892879233039e-05,34.08494210243225,True,True,0.9998715881524503,0.999999978667903,True,1.0,0.9999999999973789,True,True,False,x1*sqrt_pos(2 + x0),
FASE,FASE_strict_A0,strict A0,False,1337,640,0.01,,0.9996082929673467,0.0001782392959589838,25.026177167892456,True,True,0.9999980939041335,0.9999980939041353,True,0.9879005789296113,0.9999984550784118,True,False,True,x1*sqrt_pos(2 + x0),
FASE,FASE_A0r,A0r = A0 + sqrt_pos,True,1337,640,0.01,,0.9996636673404294,0.00015304217553564802,34.573848247528076,True,True,0.9999961912736732,0.9999999998832017,True,1.0,0.9999999999960457,True,True,False,x1*sqrt_pos(2 + x0),
FASE,FASE_strict_A0,strict A0,False,1337,640,0.05,,0.994414591132297,0.0025651893517552116,24.842700958251953,True,True,0.9999981465283057,0.9999981465283063,True,0.9879005789296113,0.9999984650368711,True,False,True,x1*sqrt_pos(2 + x0),
FASE,FASE_A0r,A0r = A0 + sqrt_pos,True,1337,640,0.05,,0.9943706555581504,0.0025853674747240993,31.458094835281372,True,True,0.9999224375895955,0.9999964154067668,True,1.0,0.9999999999998587,True,True,False,x1*sqrt_pos(2 + x0),
FASE,FASE_strict_A0,strict A0,False,1337,640,0.1,,0.9774965948226791,0.010555487033223862,24.30664300918579,True,True,0.9997119346155913,0.9999990735111475,True,0.9879005789296113,0.9999985060520844,True,False,True,x1*sqrt_pos(2 + x0),
FASE,FASE_A0r,A0r = A0 + sqrt_pos,True,1337,640,0.1,,0.9780866105545992,0.010278733210475403,37.372376918792725,True,True,0.9999983352722887,0.9999990737204071,True,1.0,0.9999999999945381,True,True,False,x1*sqrt_pos(2 + x0),
FASE,FASE_strict_A0,strict A0,False,1337,640,0.2,,0.9170784193834864,0.041764550132077215,25.809319019317627,False,True,0.9999921227511376,0.9999923348838224,True,0.9879005789296113,0.9999895744054131,False,False,True,x1*sqrt_pos(2 + x0),
FASE,FASE_A0r,A0r = A0 + sqrt_pos,True,1337,640,0.2,,0.9168409732595462,0.041884143010954354,37.43854522705078,False,True,0.9999763932764646,0.9999967062027503,True,1.0,0.9999999999981111,False,False,False,x1*sqrt_pos(2 + x0),
FASE,FASE_strict_A0,strict A0,False,2025,50,0.0,,0.9858021197894625,0.006879021860874447,22.164840936660767,True,True,0.9998694560659966,0.9999999284835233,True,0.9917386526945612,0.9999999970163885,True,False,True,x1*sqrt_pos(2 + x0),
FASE,FASE_A0r,A0r = A0 + sqrt_pos,True,2025,50,0.0,,0.9929470371866285,0.00341723445033074,31.87961220741272,True,True,0.9999999976725841,0.9999999998814065,True,1.0,0.9999999998206169,True,True,False,x1*sqrt_pos(2 + x0),
FASE,FASE_strict_A0,strict A0,False,2025,50,0.001,,0.9893512662791147,0.005158577390065026,22.374088048934937,True,True,0.9999932537933809,0.9999999285113473,True,0.9917386526945612,0.9999999971465677,True,False,True,x1*sqrt_pos(2 + x0),
FASE,FASE_A0r,A0r = A0 + sqrt_pos,True,2025,50,0.001,,0.992837230451293,0.0034698680625036837,32.22668385505676,True,True,0.9999999984507018,0.999999999842564,True,1.0,0.9999999997870499,True,True,False,x1*sqrt_pos(2 + x0),
FASE,FASE_strict_A0,strict A0,False,2025,50,0.01,,0.9875480425024042,0.00602464472939674,23.41024899482727,True,True,0.9996429556934265,0.9999999112002728,True,0.9917386526945612,0.9999998415890571,True,False,True,x1*sqrt_pos(2 + x0),
FASE,FASE_A0r,A0r = A0 + sqrt_pos,True,2025,50,0.01,,0.9971364572291348,0.0013854711490322675,35.83583092689514,True,True,0.9999999953379294,0.9999999998223674,True,1.0,0.9999999999745328,True,True,False,x1*sqrt_pos(2 + x0),
FASE,FASE_strict_A0,strict A0,False,2025,50,0.05,,0.7017561771478266,0.14425069424765394,21.203720092773438,False,True,0.9999999906915789,0.9999999941741522,True,0.9917386526945612,0.9999999947922481,True,False,True,x1*sqrt_pos(2 + x0),
FASE,FASE_A0r,A0r = A0 + sqrt_pos,True,2025,50,0.05,,0.5347171949693892,0.22504193718180915,34.13428592681885,False,True,0.9999999984969622,0.9999999998987906,True,1.0,0.9999999999044107,True,False,False,x1*sqrt_pos(2 + x0),
FASE,FASE_strict_A0,strict A0,False,2025,50,0.1,,0.7889211637825806,0.10326117803063667,22.379684925079346,False,True,0.999999995463836,0.9999999972067501,True,0.9917386526945612,0.9999999534397832,True,False,True,x1*sqrt_pos(2 + x0),
FASE,FASE_A0r,A0r = A0 + sqrt_pos,True,2025,50,0.1,,0.8574527356636096,0.06973507483838161,33.781622886657715,False,True,0.9999998915044266,0.9999999997017868,True,0.9969823039765093,0.9999999998535941,True,False,False,x1*sqrt_pos(2 + x0),
FASE,FASE_strict_A0,strict A0,False,2025,50,0.2,,0.7886109434790847,0.10980300192894701,23.10867404937744,False,True,0.9999999272347286,0.9999999272838512,True,0.9917386526945612,0.9999997921385286,False,False,True,x1*sqrt_pos(3 + x0),
FASE,FASE_A0r,A0r = A0 + sqrt_pos,True,2025,50,0.2,,0.8183256237189496,0.09436813909642802,34.556676149368286,False,True,0.9999991338230284,0.9999999997017702,True,1.0,0.9999999999049319,False,False,False,x1*sqrt_pos(3 + x0),
FASE,FASE_strict_A0,strict A0,False,2025,80,0.0,,-3.832802660640179,2.313788136144996,22.822450876235962,False,True,0.9999993052688316,0.999999367489475,True,0.9916525005560898,0.9999999812736623,True,False,True,x1*sqrt_pos(2 + x0),
FASE,FASE_A0r,A0r = A0 + sqrt_pos,True,2025,80,0.0,,-118.26556523262558,57.10045893935211,27.340123176574707,False,True,0.9999993521857682,0.999999993103972,True,1.0,0.999999999642582,True,False,False,x1*sqrt_pos(2 + x0),
FASE,FASE_strict_A0,strict A0,False,2025,80,0.001,,0.9978330017049512,0.0010374642964689905,22.052350759506226,True,True,0.9999872815551591,0.999987281555685,True,0.9916525005560898,0.9999999143868276,True,False,True,x1*sqrt_pos(2 + x0),
FASE,FASE_A0r,A0r = A0 + sqrt_pos,True,2025,80,0.001,,-80.83120141711973,39.17721116873791,26.750895023345947,False,True,0.9999993521857682,0.999999993103972,True,1.0,0.999999999642582,True,False,False,x1*sqrt_pos(2 + x0),
FASE,FASE_strict_A0,strict A0,False,2025,80,0.01,,0.9989907205300832,0.0004831961836773346,22.683050870895386,True,True,0.9999994567964663,0.9999994901161348,True,0.9916525005560898,0.9999966808628138,True,False,True,x1*sqrt_pos(2 + x0),
FASE,FASE_A0r,A0r = A0 + sqrt_pos,True,2025,80,0.01,,0.682743918265065,0.1518874925251217,30.47811198234558,False,True,0.999999650499524,0.9999999583018824,True,1.0,0.9999999993809824,True,False,False,x1*sqrt_pos(2 + x0),
FASE,FASE_strict_A0,strict A0,False,2025,80,0.05,,-0.023857550159159135,0.49229901648826424,22.657850742340088,False,True,0.9999984305668099,0.9999984325820827,True,0.9916525005560898,0.999995872301246,True,False,True,x1*sqrt_pos(2 + x0),
FASE,FASE_A0r,A0r = A0 + sqrt_pos,True,2025,80,0.05,,0.993846880421529,0.0029585900073160303,33.82091307640076,True,True,0.9999999999251302,0.9999999997997283,True,1.0,0.9999999989573661,True,True,False,x1*sqrt_pos(2 + x0),
FASE,FASE_strict_A0,strict A0,False,2025,80,0.1,,-46.125901664718235,23.007361666525288,23.894699096679688,False,True,0.9999976131191777,0.9999976184370526,True,0.9916525005560898,0.9999956779087439,True,False,True,x1*sqrt_pos(2 + x0),
FASE,FASE_A0r,A0r = A0 + sqrt_pos,True,2025,80,0.1,,0.9779194956836396,0.010779934826501409,33.67307806015015,True,True,0.9999998199167923,0.9999999966813067,True,1.0,0.99999999942172,True,True,False,x1*sqrt_pos(2 + x0),
FASE,FASE_strict_A0,strict A0,False,2025,80,0.2,,-35.51867817832285,18.951152369736565,25.622931003570557,False,True,0.9999997470236296,0.9999997480591444,True,0.9916525005560898,0.9999958848315919,False,False,True,x1*sqrt_pos(3 + x0),
FASE,FASE_A0r,A0r = A0 + sqrt_pos,True,2025,80,0.2,,-90030.7449602903,46721.442340388734,36.4734787940979,False,True,0.9999990746391939,0.999999983372989,True,1.0,0.9999999997841702,False,False,False,x1*sqrt_pos(3 + x0),
FASE,FASE_strict_A0,strict A0,False,2025,160,0.0,,0.9994428948496963,0.00029354374326359965,23.531293869018555,True,True,0.9999997630217222,0.9999997630217443,True,0.9890820039795416,0.9999999437264407,True,False,True,x1*sqrt_pos(2 + x0),
FASE,FASE_A0r,A0r = A0 + sqrt_pos,True,2025,160,0.0,,-86358.88479561139,45503.80450960923,29.11631989479065,False,True,0.9998886756081746,0.999993848691406,True,0.9999999999999998,0.999999999967118,True,False,False,x1*sqrt_pos(2 + x0),
FASE,FASE_strict_A0,strict A0,False,2025,160,0.001,,0.9994371665308037,0.0002965719243422073,23.78055191040039,True,True,0.9999997630217222,0.9999997630217443,True,0.9890820039795416,0.9999999437264407,True,False,True,x1*sqrt_pos(2 + x0),
FASE,FASE_A0r,A0r = A0 + sqrt_pos,True,2025,160,0.001,,-73266.79189594166,38606.74821970122,29.661917209625244,False,True,0.9999105654683139,0.999992865530641,True,0.9999999999999998,0.9999999999737514,True,False,False,x1*sqrt_pos(2 + x0),
FASE,FASE_strict_A0,strict A0,False,2025,160,0.01,,0.9992222706635052,0.00040998873009281375,23.50304102897644,True,True,0.9999999644909359,0.9999999644910808,True,0.9890820039795416,0.9999999620611499,True,False,True,x1*sqrt_pos(2 + x0),
FASE,FASE_A0r,A0r = A0 + sqrt_pos,True,2025,160,0.01,,-510928.62882583623,269342.276110102,28.750157117843628,False,True,0.9999571705455952,0.9999903489096893,True,0.9999999999999998,0.9999999999749584,True,False,False,x1*sqrt_pos(2 + x0),
FASE,FASE_strict_A0,strict A0,False,2025,160,0.05,,-1477.426115522796,783.3782428031622,23.239824771881104,False,True,0.9999927340248446,0.9999949420219127,True,0.9890820039795416,0.9999936589776752,True,False,True,x1*sqrt_pos(2 + x0),
FASE,FASE_A0r,A0r = A0 + sqrt_pos,True,2025,160,0.05,,-1172.3743448986595,621.7395125842867,28.59624195098877,False,True,0.9999930513449754,0.9999965309579636,True,0.9999999999999998,0.999999999964832,True,False,False,x1*sqrt_pos(2 + x0),
FASE,FASE_strict_A0,strict A0,False,2025,160,0.1,,-3166.8856109412086,1701.456819269743,23.050365924835205,False,True,0.9999962319664905,0.9999970177405219,True,0.9890820039795416,0.9999992286707757,True,False,True,x1*sqrt_pos(2 + x0),
FASE,FASE_A0r,A0r = A0 + sqrt_pos,True,2025,160,0.1,,-227769.8598278293,122334.68321788628,29.649794816970825,False,True,0.9999875352751273,0.9999970038443694,True,0.9999999999999998,0.9999999997754139,True,False,False,x1*sqrt_pos(2 + x0),
FASE,FASE_strict_A0,strict A0,False,2025,160,0.2,,-269.98130436063286,152.91873880715008,23.985867977142334,False,True,0.9999754721363457,0.9999981476066097,True,0.9890820039795416,0.9999994914603257,False,False,True,x1*sqrt_pos(2 + x0),
FASE,FASE_A0r,A0r = A0 + sqrt_pos,True,2025,160,0.2,,-1641.0751183341524,926.6471600862945,35.908475160598755,False,True,0.9999746263353979,0.9999981182160882,True,0.9999999999999998,0.9999999999993575,False,False,False,x1*sqrt_pos(2 + x0),
FASE,FASE_strict_A0,strict A0,False,2025,320,0.0,,0.9999010892948115,5.0322229874620726e-05,23.477389812469482,True,True,0.9999990817195821,0.9999990860985948,True,0.988102722877894,0.9999986145810328,True,False,True,x1*sqrt_pos(2 + x0),
FASE,FASE_A0r,A0r = A0 + sqrt_pos,True,2025,320,0.0,,0.9996659893877082,0.00016993265572498622,31.09951090812683,True,True,0.9999839062922624,0.9999936891681618,True,0.9999999999999998,0.9999999999989838,True,True,False,x1*sqrt_pos(2 + x0),
FASE,FASE_strict_A0,strict A0,False,2025,320,0.001,,0.999866891633547,6.772938273425397e-05,24.112443923950195,True,True,0.9999994778703201,0.9999994810561299,True,0.988102722877894,0.9999987700971359,True,False,True,x1*sqrt_pos(2 + x0),
FASE,FASE_A0r,A0r = A0 + sqrt_pos,True,2025,320,0.001,,0.9996937793545119,0.0001558139120182599,31.87001395225525,True,True,0.9999949079100695,0.9999998391035043,True,0.9999999999999998,0.9999999999989637,True,True,False,x1*sqrt_pos(2 + x0),
FASE,FASE_strict_A0,strict A0,False,2025,320,0.01,,0.9996858494724037,0.0001600572595244327,23.0438289642334,True,True,0.9999990790118332,0.9999990834931031,True,0.988102722877894,0.9999985908356746,True,False,True,x1*sqrt_pos(2 + x0),
FASE,FASE_A0r,A0r = A0 + sqrt_pos,True,2025,320,0.01,,0.9995127376818366,0.00024825637541178106,32.31153416633606,True,True,0.9999923707848427,0.9999954348664086,True,0.9999999999999998,0.9999999999907025,True,True,False,x1*sqrt_pos(2 + x0),
FASE,FASE_strict_A0,strict A0,False,2025,320,0.05,,0.9954043566427444,0.00236314993897187,23.589982986450195,True,True,0.9999958992595377,0.9999959014075595,True,0.988102722877894,0.9999986302158226,True,False,True,x1*sqrt_pos(2 + x0),
FASE,FASE_A0r,A0r = A0 + sqrt_pos,True,2025,320,0.05,,0.9949287664280081,0.0026077056843944115,32.40478491783142,True,True,0.99998911173685,0.9999993585548639,True,0.9999999999999998,0.9999999998936212,True,True,False,x1*sqrt_pos(2 + x0),
FASE,FASE_strict_A0,strict A0,False,2025,320,0.1,,0.9792584343775431,0.010872597947894058,23.337197065353394,True,True,0.9999933784196001,0.9999934139115446,True,0.988102722877894,0.9999889898642511,True,False,True,x1*sqrt_pos(2 + x0),
FASE,FASE_A0r,A0r = A0 + sqrt_pos,True,2025,320,0.1,,0.9769754300657665,0.01206933441644593,31.83743906021118,True,True,0.9999812923649977,0.9999985404754568,True,0.9999999999999998,0.9999999999995295,True,True,False,x1*sqrt_pos(2 + x0),
FASE,FASE_strict_A0,strict A0,False,2025,320,0.2,,-39189.98334706286,21858.098017987795,23.825419902801514,False,True,0.999453956795431,0.9998926330020735,True,0.988102722877894,0.9998987513362609,False,False,True,x1*sqrt_pos(2 + x0),
FASE,FASE_A0r,A0r = A0 + sqrt_pos,True,2025,320,0.2,,0.9294566273895092,0.03934435478141949,33.06234431266785,False,True,0.9999999365820061,0.9999999366703172,True,0.9999999999999998,0.9999999999998599,False,False,False,x1*sqrt_pos(2 + x0),
FASE,FASE_strict_A0,strict A0,False,2025,640,0.0,,0.9999320210454957,3.062620814641148e-05,25.453846216201782,True,True,0.9999996391911189,0.9999996391911194,True,0.9880073185002068,0.9999988578972309,True,False,True,x1*sqrt_pos(2 + x0),
FASE,FASE_A0r,A0r = A0 + sqrt_pos,True,2025,640,0.0,,0.9997524296680822,0.00011153658616077223,32.68262195587158,True,True,0.999831297275621,0.9999955627933115,True,1.0,0.999999999999051,True,True,False,x1*sqrt_pos(2 + x0),
FASE,FASE_strict_A0,strict A0,False,2025,640,0.001,,0.9999250896183204,3.3747217673696566e-05,26.75300884246826,True,True,0.9999989844780081,0.9999989884359074,True,0.9880073185002068,0.9999984961542846,True,False,True,x1*sqrt_pos(2 + x0),
FASE,FASE_A0r,A0r = A0 + sqrt_pos,True,2025,640,0.001,,0.9997498341704089,0.00011270000921689683,33.262688875198364,True,True,0.9998411795932953,0.9999955605172913,True,1.0,0.9999999999990581,True,True,False,x1*sqrt_pos(2 + x0),
FASE,FASE_strict_A0,strict A0,False,2025,640,0.01,,0.999689439987447,0.00013986977159449396,24.89210319519043,True,True,0.9999999570516336,0.9999999570516338,True,0.9880073185002068,0.9999997071531243,True,False,True,x1*sqrt_pos(2 + x0),
FASE,FASE_A0r,A0r = A0 + sqrt_pos,True,2025,640,0.01,,0.9994687773513714,0.00023925163422900062,31.225407123565674,True,True,0.9999833930576633,0.9999997319119331,True,1.0,0.999999999999057,True,True,False,x1*sqrt_pos(2 + x0),
FASE,FASE_strict_A0,strict A0,False,2025,640,0.05,,0.9941520872548071,0.0026421616195062237,23.92957901954651,True,True,0.9999990873582952,0.9999990873582952,True,0.9880073185002068,0.9999986977229577,True,False,True,x1*sqrt_pos(2 + x0),
FASE,FASE_A0r,A0r = A0 + sqrt_pos,True,2025,640,0.05,,0.9932776742429262,0.003037232579052856,29.862058877944946,True,True,0.9996878714308763,0.9999997221780934,True,1.0,0.9999999999987131,True,True,False,x1*sqrt_pos(2 + x0),
FASE,FASE_strict_A0,strict A0,False,2025,640,0.1,,0.9768659810172728,0.010598642706997913,23.40142822265625,True,True,0.999999598611691,0.9999995986123176,True,0.9880073185002068,0.9999996105383988,True,False,True,x1*sqrt_pos(2 + x0),
FASE,FASE_A0r,A0r = A0 + sqrt_pos,True,2025,640,0.1,,0.9575268030202572,0.019458713150894525,29.1263370513916,True,True,0.9999518485485864,0.9999997792615964,True,1.0,0.9999999999994023,True,True,False,x1*sqrt_pos(2 + x0),
FASE,FASE_strict_A0,strict A0,False,2025,640,0.2,,0.9136255131404216,0.041970958008658625,22.77737069129944,False,True,0.9999998828193094,0.9999998848923987,True,0.9880073185002068,0.9999988777004747,False,False,True,x1*sqrt_pos(2 + x0),
FASE,FASE_A0r,A0r = A0 + sqrt_pos,True,2025,640,0.2,,0.9134146777488563,0.04207340681834605,31.752164125442505,False,True,0.9996366643356381,0.999998929285975,True,1.0,0.999999999999982,False,False,False,x1*sqrt_pos(2 + x0),
FASE,FASE_strict_A0,strict A0,False,9001,50,0.0,,0.9987196869412948,0.0006644633697020489,21.156224012374878,True,True,0.9999999603381651,0.9999999603192865,True,0.9900030037103784,0.9999999936263089,True,False,True,x1*sqrt_pos(2 + x0),
FASE,FASE_A0r,A0r = A0 + sqrt_pos,True,9001,50,0.0,,0.9968559353882743,0.0016317226105472971,27.88088893890381,True,True,0.9999999998324512,0.9999999998780249,True,1.0,0.9999999999346683,True,True,False,x1*sqrt_pos(2 + x0),
FASE,FASE_strict_A0,strict A0,False,9001,50,0.001,,0.998622529374333,0.0007151341756101642,21.25147008895874,True,True,0.999999727937756,0.9999997279379464,True,0.9900030037103784,0.9999999024961244,True,False,True,x1*sqrt_pos(2 + x0),
FASE,FASE_A0r,A0r = A0 + sqrt_pos,True,9001,50,0.001,,0.9955453731242158,0.002312685192050777,27.48363208770752,True,True,0.9999999997608884,0.9999999998229852,True,0.9944235987598337,0.9999999999333916,True,True,False,x1*sqrt_pos(2 + x0),
FASE,FASE_strict_A0,strict A0,False,9001,50,0.01,,0.9843307878512594,0.008161442268394242,20.761794090270996,True,True,0.999999968499933,0.9999999685017424,True,0.9900030037103784,0.9999999902320726,True,False,True,x1*sqrt_pos(2 + x0),
FASE,FASE_A0r,A0r = A0 + sqrt_pos,True,9001,50,0.01,,0.9803609529881328,0.010229164483328343,27.839988946914673,True,True,0.9999999997515295,0.9999999999401112,True,0.9944235987598337,0.9999999997752965,True,True,False,x1*sqrt_pos(2 + x0),
FASE,FASE_strict_A0,strict A0,False,9001,50,0.05,,-16.656763238228333,9.359124795731164,22.14403009414673,False,True,0.9999994239517556,0.9999999390375336,True,0.9900030037103784,0.9999997496579938,True,False,True,x1*sqrt_pos(2 + x0),
FASE,FASE_A0r,A0r = A0 + sqrt_pos,True,9001,50,0.05,,0.9365531882436923,0.03363054831209986,31.118084192276,False,True,0.9999999991762449,0.9999999999708294,True,1.0,0.9999999999640296,True,False,False,x1*sqrt_pos(2 + x0),
FASE,FASE_strict_A0,strict A0,False,9001,50,0.1,,0.9281519918419431,0.039185875682696304,22.797866821289062,False,True,0.9999997427077559,0.9999999972773835,True,0.9900030037103784,0.9999999940477199,True,False,True,x1*sqrt_pos(2 + x0),
FASE,FASE_A0r,A0r = A0 + sqrt_pos,True,9001,50,0.1,,0.9261145211733548,0.04029711139226258,29.20217800140381,False,True,0.9999999973151678,0.9999999998906,True,1.0,0.9999999999639738,True,False,False,x1*sqrt_pos(2 + x0),
FASE,FASE_strict_A0,strict A0,False,9001,50,0.2,,-8.38573368521472,5.527085470543861,22.790634870529175,False,True,0.9999999889824621,0.9999999931159674,True,0.9900030037103784,0.9999999899340893,False,False,True,x1*sqrt_pos(2 + x0),
FASE,FASE_A0r,A0r = A0 + sqrt_pos,True,9001,50,0.2,,0.648625233426317,0.20691811979541744,31.15130090713501,False,True,0.9999999982563985,0.9999999998827261,True,1.0,0.9999999999778278,False,False,False,x1*sqrt_pos(2 + x0),
FASE,FASE_strict_A0,strict A0,False,9001,80,0.0,,0.9995170851917552,0.00023191484352725255,22.776082038879395,True,True,0.9999996049973583,0.9999996771140257,True,0.9887945227649052,0.999999054432108,True,False,True,x1*sqrt_pos(2 + x0),
FASE,FASE_A0r,A0r = A0 + sqrt_pos,True,9001,80,0.0,,0.9998615552162798,6.648667592181449e-05,34.36216330528259,True,True,0.9999999993294015,0.9999999994623566,True,1.0,0.9999999997114224,True,True,False,x1*sqrt_pos(2 + x0),
FASE,FASE_strict_A0,strict A0,False,9001,80,0.001,,0.9994931598746921,0.00024330277070428098,22.6948401927948,True,True,0.9999995261298814,0.9999996145845509,True,0.9887945227649052,0.9999989713357343,True,False,True,x1*sqrt_pos(2 + x0),
FASE,FASE_A0r,A0r = A0 + sqrt_pos,True,9001,80,0.001,,0.999777911348546,0.0001066111018892415,29.50667119026184,True,True,0.999999999721583,0.9999999983725961,True,1.0,0.9999999997004372,True,True,False,x1*sqrt_pos(2 + x0),
FASE,FASE_strict_A0,strict A0,False,9001,80,0.01,,0.9969353930331817,0.0014659002762001396,22.982183933258057,True,True,0.9999905809714716,0.9999926357543424,True,0.9887945227649052,0.9999687536746594,True,False,True,x1*sqrt_pos(2 + x0),
FASE,FASE_A0r,A0r = A0 + sqrt_pos,True,9001,80,0.01,,0.9960782254388957,0.0018759111607339432,32.40554761886597,True,True,0.9999999995842009,0.9999999997830467,True,1.0,0.9999999999781453,True,True,False,x1*sqrt_pos(2 + x0),
FASE,FASE_strict_A0,strict A0,False,9001,80,0.05,,0.9822420676811641,0.008399832843917519,22.61307168006897,True,True,0.9999975108015499,0.9999976983213669,True,0.9887945227649052,0.9999944147354699,True,False,True,x1*sqrt_pos(2 + x0),
FASE,FASE_A0r,A0r = A0 + sqrt_pos,True,9001,80,0.05,,0.6205065674904631,0.17950746411300483,30.35902214050293,False,True,0.9999992811346364,0.9999999947539302,True,1.0,0.9999999996973363,True,False,False,x1*sqrt_pos(2 + x0),
FASE,FASE_strict_A0,strict A0,False,9001,80,0.1,,0.9430312508570332,0.026865775312149526,24.29899001121521,False,True,0.9999998580056227,0.9999998580682119,True,0.9887945227649052,0.9999999204236458,True,False,True,x1*sqrt_pos(2 + x0),
FASE,FASE_A0r,A0r = A0 + sqrt_pos,True,9001,80,0.1,,0.9381199708941999,0.0291818757349518,35.510668992996216,False,True,0.999999368608497,0.9999999991321892,True,1.0,0.9999999994480576,True,False,False,x1*sqrt_pos(2 + x0),
FASE,FASE_strict_A0,strict A0,False,9001,80,0.2,,0.8401152918467834,0.07771957235399421,25.23702597618103,False,True,0.9999999920500179,0.9999999921151255,True,0.9887945227649052,0.9999999899208126,False,False,True,x1*sqrt_pos(2 + x0),
FASE,FASE_A0r,A0r = A0 + sqrt_pos,True,9001,80,0.2,,0.8461546030070487,0.07478387771433717,36.33785080909729,False,True,0.9999969383210502,0.999999998308628,True,1.0,0.9999999995904465,False,False,False,x1*sqrt_pos(2 + x0),
FASE,FASE_strict_A0,strict A0,False,9001,160,0.0,,0.9999223818396454,4.863745988858345e-05,22.18812084197998,True,True,0.9999998298428846,0.9999998298429329,True,0.9896970482565521,0.999999059457791,True,False,True,x1*sqrt_pos(2 + x0),
FASE,FASE_A0r,A0r = A0 + sqrt_pos,True,9001,160,0.0,,0.9992348632637945,0.0004794536117125877,29.718305110931396,True,True,0.999997317255957,0.9999993443675806,True,1.0,0.9999999999168664,True,True,False,x1*sqrt_pos(2 + x0),
FASE,FASE_strict_A0,strict A0,False,9001,160,0.001,,0.9998990241477287,6.32734541741178e-05,21.44807195663452,True,True,0.9999925291588441,0.9999925291589121,True,0.9896970482565521,0.9999990447766488,True,False,True,x1*sqrt_pos(2 + x0),
FASE,FASE_A0r,A0r = A0 + sqrt_pos,True,9001,160,0.001,,0.999456906108712,0.0003403133092686196,29.67212224006653,True,True,0.9999916653921749,0.9999999482071621,True,1.0,0.9999999999618698,True,True,False,x1*sqrt_pos(2 + x0),
FASE,FASE_strict_A0,strict A0,False,9001,160,0.01,,0.9996824840918518,0.00019897209570177182,22.700696229934692,True,True,0.999999829779533,0.999999829779588,True,0.9896970482565521,0.9999990594540613,True,False,True,x1*sqrt_pos(2 + x0),
FASE,FASE_A0r,A0r = A0 + sqrt_pos,True,9001,160,0.01,,0.9993580577371672,0.0004022746390890698,29.51474380493164,True,True,0.9999976040110423,0.9999994880609,True,1.0,0.9999999999933264,True,True,False,x1*sqrt_pos(2 + x0),
FASE,FASE_strict_A0,strict A0,False,9001,160,0.05,,0.9941106945752803,0.003701467752087559,22.445181131362915,True,True,0.9999998333664118,0.9999998333664454,True,0.9896970482565521,0.999999090816691,True,False,True,x1*sqrt_pos(2 + x0),
FASE,FASE_A0r,A0r = A0 + sqrt_pos,True,9001,160,0.05,,0.99501382033943,0.003133847183786252,28.005100965499878,True,True,0.999999999978031,0.9999999999486573,True,1.0,0.9999999998207382,True,True,False,x1*sqrt_pos(2 + x0),
FASE,FASE_strict_A0,strict A0,False,9001,160,0.1,,0.9812514352440336,0.011900616290690053,22.894604921340942,True,True,0.9999973736743155,0.9999973736743992,True,0.9896970482565521,0.9999589134673309,True,False,True,x1*sqrt_pos(2 + x0),
FASE,FASE_A0r,A0r = A0 + sqrt_pos,True,9001,160,0.1,,0.9731659507321287,0.017032862409416327,30.788562774658203,True,True,0.999999917073674,0.999999989288539,True,1.0,0.9999999999539229,True,True,False,x1*sqrt_pos(2 + x0),
FASE,FASE_strict_A0,strict A0,False,9001,160,0.2,,0.9275157380646657,0.04786205379003462,24.45137882232666,False,True,0.9999999080916148,0.9999999094318592,True,0.9896970482565521,0.9999986706154272,False,False,True,x1*sqrt_pos(2 + x0),
FASE,FASE_A0r,A0r = A0 + sqrt_pos,True,9001,160,0.2,,0.898205179889284,0.06721609664774622,30.4596688747406,False,True,0.9999865491325639,0.9999999995089964,True,1.0,0.9999999999941616,False,False,False,x1*sqrt_pos(2 + x0),
FASE,FASE_strict_A0,strict A0,False,9001,320,0.0,,0.9999413198883361,2.720631413855682e-05,23.219722032546997,True,True,0.9999988774455137,0.9999988774455209,True,0.989029845507495,0.9999983860536834,True,False,True,x1*sqrt_pos(2 + x0),
FASE,FASE_A0r,A0r = A0 + sqrt_pos,True,9001,320,0.0,,0.9997389867421396,0.00012101559602269048,40.97122883796692,True,True,0.9999972384927256,0.9999979184710663,True,0.9951746267018877,0.999998077568146,True,True,False,x1*sqrt_pos(2 + x0),
FASE,FASE_strict_A0,strict A0,False,9001,320,0.001,,0.9999136508054658,4.0046337144033146e-05,23.01494789123535,True,True,0.9999709512577373,0.9999709512577374,True,0.989029845507495,0.9998863518536286,True,False,True,x1*sqrt_pos(2 + x0),
FASE,FASE_A0r,A0r = A0 + sqrt_pos,True,9001,320,0.001,,0.9998020705692818,9.179412449673045e-05,40.656394958496094,True,True,0.9999986328566248,0.9999986498607998,True,0.9951746267018877,0.9999980577896033,True,True,False,x1*sqrt_pos(2 + x0),
FASE,FASE_strict_A0,strict A0,False,9001,320,0.01,,0.9997261746775454,0.00012734637788217458,23.777193069458008,True,True,0.9999709512577369,0.9999709512577375,True,0.989029845507495,0.9998863518536286,True,False,True,x1*sqrt_pos(2 + x0),
FASE,FASE_A0r,A0r = A0 + sqrt_pos,True,9001,320,0.01,,0.9996332687660976,0.0001705535991891065,40.874191761016846,True,True,0.999991957458962,0.9999993532120014,True,0.9951746267018877,0.9999991557036817,True,True,False,x1*sqrt_pos(2 + x0),
FASE,FASE_strict_A0,strict A0,False,9001,320,0.05,,0.9948276503739711,0.002444654488218206,23.67083215713501,True,True,0.9999961262507687,0.9999962118746718,True,0.989029845507495,0.9999890156349225,True,False,True,x1*sqrt_pos(2 + x0),
FASE,FASE_A0r,A0r = A0 + sqrt_pos,True,9001,320,0.05,,0.9944746563547315,0.0026114932512255754,40.51476311683655,True,True,0.9999894238004298,0.999999947157836,True,1.0,0.9999999999984143,True,True,False,x1*sqrt_pos(2 + x0),
FASE,FASE_strict_A0,strict A0,False,9001,320,0.1,,0.9797445750303978,0.009850453203268585,24.14357018470764,True,True,0.9999994650602828,0.9999994802699844,True,0.989029845507495,0.9999802144457143,True,False,True,x1*sqrt_pos(2 + x0),
FASE,FASE_A0r,A0r = A0 + sqrt_pos,True,9001,320,0.1,,0.9766707874789563,0.011345272516005925,38.08175301551819,True,True,0.999999999999833,0.9999999999977145,True,1.0,0.9999999999970528,True,True,False,x1*sqrt_pos(2 + x0),
FASE,FASE_strict_A0,strict A0,False,9001,320,0.2,,0.9271223780815793,0.038455465753716146,24.034701108932495,False,True,0.999971733955215,0.9999723079148974,True,0.989029845507495,0.9999122262469389,False,False,True,x1*sqrt_pos(2 + x0),
FASE,FASE_A0r,A0r = A0 + sqrt_pos,True,9001,320,0.2,,0.9261510689065393,0.03896799821201772,32.79387712478638,False,True,0.9999999999999843,0.9999999999985083,True,1.0,0.9999999999987721,False,False,False,x1*sqrt_pos(2 + x0),
FASE,FASE_strict_A0,strict A0,False,9001,640,0.0,,0.9998780221618183,5.932548438627022e-05,23.529284238815308,True,True,0.9999987969625982,0.9999987980285308,True,0.9879925459313873,0.9999981973368688,True,False,True,x1*sqrt_pos(2 + x0),
FASE,FASE_A0r,A0r = A0 + sqrt_pos,True,9001,640,0.0,,0.9997842883380925,0.00010491413047804424,36.436529874801636,True,True,0.9998746124272604,0.9999995802242699,True,1.0,0.9999999999999483,True,True,False,x1*sqrt_pos(2 + x0),
FASE,FASE_strict_A0,strict A0,False,9001,640,0.001,,0.9998754363996648,6.0580957804809606e-05,25.234355211257935,True,True,0.9999987969625982,0.9999987980285308,True,0.9879925459313873,0.9999981973368688,True,False,True,x1*sqrt_pos(2 + x0),
FASE,FASE_A0r,A0r = A0 + sqrt_pos,True,9001,640,0.001,,0.9997850947454949,0.00010451822298144496,38.08975839614868,True,True,0.9998828632853072,0.9999995786896271,True,1.0,0.9999999999998539,True,True,False,x1*sqrt_pos(2 + x0),
FASE,FASE_strict_A0,strict A0,False,9001,640,0.01,,0.9997386619204863,0.00012708217278974303,25.275887966156006,True,True,0.9999917792399805,0.9999917982855945,True,0.9879925459313873,0.9999981959069769,True,False,True,x1*sqrt_pos(2 + x0),
FASE,FASE_A0r,A0r = A0 + sqrt_pos,True,9001,640,0.01,,0.9995369409937321,0.00022517401503792034,38.289814949035645,True,True,0.9997835600417627,0.9999995500026315,True,1.0,0.9999999999995176,True,True,False,x1*sqrt_pos(2 + x0),
FASE,FASE_strict_A0,strict A0,False,9001,640,0.05,,0.9950444711195373,0.0024173025987408083,24.384984731674194,True,True,0.9999994305151053,0.9999994487337412,True,0.9879925459313873,0.9999982731477399,True,False,True,x1*sqrt_pos(2 + x0),
FASE,FASE_A0r,A0r = A0 + sqrt_pos,True,9001,640,0.05,,0.9948067812701815,0.0025332474967328694,38.796785831451416,True,True,0.9999766596828927,0.9999996088751528,True,0.994756436947881,0.9999993475372932,True,True,False,x1*sqrt_pos(2 + x0),
FASE,FASE_strict_A0,strict A0,False,9001,640,0.1,,0.9806517765717997,0.009556550169628284,25.47642421722412,True,True,0.999999660635575,0.99999985513227,True,0.9879925459313873,0.999999139657268,True,False,True,x1*sqrt_pos(2 + x0),
FASE,FASE_A0r,A0r = A0 + sqrt_pos,True,9001,640,0.1,,0.9805239228494556,0.009619700180092505,34.309903144836426,True,True,0.9999674553809451,0.9999978397303715,True,1.0,0.999999999998531,True,True,False,x1*sqrt_pos(2 + x0),
FASE,FASE_strict_A0,strict A0,False,9001,640,0.2,,0.8524962025956131,0.07673722548688913,26.390939950942993,False,True,0.9999965404772917,0.9999965404772941,True,0.9879925459313873,0.9999885153767991,False,False,True,x1*sqrt_pos(2 + x0),
FASE,FASE_A0r,A0r = A0 + sqrt_pos,True,9001,640,0.2,,0.8447413464797673,0.08077160394257449,39.00816488265991,False,True,0.9999036470353034,0.9999964635418757,True,1.0,0.9999999999999156,False,False,False,x1*sqrt_pos(2 + x0),
