method,label,primitive_regime,include_sqrt,seed,n,noise,k_folds,R2_oof,MSE_oof,elapsed_sec,prediction_pass,terminal_span_pass,terminal_span_score,radical_in_discovery,radical_discovered_corr,radical_product_in_discovery,radical_product_discovered_corr,oracle_posthoc_radical_product_pass,vieta_gate_pass,strict_A0_not_eligible,unstable_prediction_detected,unstable_prediction_fail,coordinate_recovery_fail,n_coordinates_pruned,best_discovered_expression,best_oracle_posthoc_abstraction,error
PySR,PySR_no_sqrt,raw_X + PySR operators no sqrt,False,42,160,0.001,5,0.9999974878428096,1.3053971159417486e-06,594.972934961319,True,,,False,,,,,False,True,,,,,,,
PySR,PySR_with_sqrt,raw_X + PySR operators with sqrt,True,42,160,0.001,5,0.9999979785863844,1.050391079810653e-06,540.2188029289246,True,,,True,,,,,True,False,False,False,,,0.5000421*x1*sqrt(x0 + 1.9998693),,
PySR,PySR_no_sqrt,raw_X + PySR operators no sqrt,False,42,160,0.05,5,0.994720132053733,0.0027634349064032697,844.73477602005,True,,,False,,,,,False,True,False,False,,,x1*(2.8671248 - 26.135231/(x0 + 12.042423)),,
PySR,PySR_with_sqrt,raw_X + PySR operators with sqrt,True,42,160,0.05,5,0.9949807875367016,0.002627010195120459,557.3195111751556,True,,,True,,,,,True,False,False,False,,,x1*sqrt(0.25215438*x0 + 0.5025793),,
PySR,PySR_no_sqrt,raw_X + PySR operators no sqrt,False,42,320,0.001,5,0.9999975309723679,1.230150009289019e-06,883.8327610492706,True,,,False,,,,,False,True,False,False,,,x1*(-(-0.04797317)*x0 + 0.70712864 + 1.0469192/(1.327869/(x0 + 3.3711855) + (x0 + 8.137939)/x0)),,
PySR,PySR_with_sqrt,raw_X + PySR operators with sqrt,True,42,320,0.001,5,0.9999979224772222,1.0350895352775758e-06,601.1041531562805,True,,,True,,,,,True,False,False,False,,,0.49999142*x1*sqrt(x0 + 2.0000572),,
PySR,PySR_no_sqrt,raw_X + PySR operators no sqrt,False,42,320,0.05,5,0.9946495069190779,0.002706685980660882,600.9594910144806,True,,,False,,,,,False,True,False,False,,,x1*(3.081039 - 33.099792/(x0 + 13.888714)),,
PySR,PySR_with_sqrt,raw_X + PySR operators with sqrt,True,42,320,0.05,5,0.9948848878664248,0.0025876124110547375,601.0536708831787,True,,,True,,,,,True,False,False,False,,,0.4996035*x1*sqrt(x0 + 2.0023334),,
PySR,PySR_no_sqrt,raw_X + PySR operators no sqrt,False,1337,160,0.001,5,0.9999969444016913,1.628710412667166e-06,594.9082081317902,True,,,False,,,,,False,True,False,False,,,x1*(x0*(-0.0018845937*x0 + 0.10017821 + 0.27800962/(x0 + 3.6070774)) + 0.70772755),,
PySR,PySR_with_sqrt,raw_X + PySR operators with sqrt,True,1337,160,0.001,5,0.9999982002462634,9.593138085717483e-07,548.6040940284729,True,,,True,,,,,True,False,False,False,,,x1*sqrt(0.24996439*x0 + 0.4999356),,
PySR,PySR_no_sqrt,raw_X + PySR operators no sqrt,False,1337,160,0.05,5,0.9950603891562132,0.002661496642711169,590.4856851100922,True,,,False,,,,,False,True,False,False,,,x1*(2.9419978 - 28.640867/(x0 + 12.736276)),,
PySR,PySR_with_sqrt,raw_X + PySR operators with sqrt,True,1337,160,0.05,5,0.9955501669622493,0.002397600957876137,539.821145772934,True,,,True,,,,,True,False,False,False,,,0.49818876*x1*sqrt(x0 + 2.0016148),,
PySR,PySR_no_sqrt,raw_X + PySR operators no sqrt,False,1337,320,0.001,5,0.9999975246144712,1.3226578912482167e-06,601.0027658939362,True,,,False,,,,,False,True,False,False,,,x1*(x0*(x0*(-0.0017428399) + 0.17754805 + 0.023211176/(-0.28998303 - 1.0880407/x0)) - 1*(-0.70747864)),,
PySR,PySR_with_sqrt,raw_X + PySR operators with sqrt,True,1337,320,0.001,5,0.9999978542971318,1.1465005341496572e-06,601.0535719394684,True,,,True,,,,,True,False,False,False,,,0.5000206*x1*sqrt(x0 + 1.9997011),,
PySR,PySR_no_sqrt,raw_X + PySR operators no sqrt,False,1337,320,0.05,5,0.9945041327415678,0.002963639023671587,600.9655940532684,True,,,False,,,,,False,True,False,False,,,x1*(2.9550471 - 28.661734/(x0 + 12.665023)),,
PySR,PySR_with_sqrt,raw_X + PySR operators with sqrt,True,1337,320,0.05,5,0.9946857857851505,0.0028656828643585245,601.0722918510437,True,,,True,,,,,True,False,False,False,,,x1*sqrt(0.251082454122088*x0 + 0.49822456),,
PySR,PySR_no_sqrt,raw_X + PySR operators no sqrt,False,2025,160,0.001,5,0.9999978539104188,1.130831678875892e-06,578.7939512729645,True,,,False,,,,,False,True,False,False,,,x1*(x0*(x0*(-0.0018572187 - 0.07743065/(x0 + 3.6561534)) + 0.17711961) - 1*(-0.7076326)),,
PySR,PySR_with_sqrt,raw_X + PySR operators with sqrt,True,2025,160,0.001,5,0.9999983361894115,8.767060507113201e-07,542.2132186889648,True,,,True,,,,,True,False,False,False,,,0.49999177*x1*sqrt(x0 + 2.0005941),,
PySR,PySR_no_sqrt,raw_X + PySR operators no sqrt,False,2025,160,0.05,5,0.9958278120750212,0.0022107301886768104,574.6903190612793,True,,,False,,,,,False,True,False,False,,,x1*(3.3206925 - 41.38716/(x0 + 15.798212)),,
PySR,PySR_with_sqrt,raw_X + PySR operators with sqrt,True,2025,160,0.05,5,0.9958657220623586,0.002190642705810278,541.2822968959808,True,,,True,,,,,True,False,False,False,,,x1*sqrt(0.24958697*x0 + 0.50662607),,
PySR,PySR_no_sqrt,raw_X + PySR operators no sqrt,False,2025,320,0.001,5,0.9999977114453594,1.164482724018165e-06,601.0268728733063,True,,,False,,,,,False,True,False,False,,,x1*(x0*(x0*(-0.001747822) + 0.097800314 + 0.29709452/(x0 + 3.7296062)) + 0.70748526),,
PySR,PySR_with_sqrt,raw_X + PySR operators with sqrt,True,2025,320,0.001,5,0.9999982047332039,9.134836162628461e-07,601.0506570339203,True,,,True,,,,,True,False,False,False,,,0.49999154*x1*sqrt(x0 + 2.0000124),,
PySR,PySR_no_sqrt,raw_X + PySR operators no sqrt,False,2025,320,0.05,5,0.9952401355158036,0.002447594948286055,600.9592180252075,True,,,False,,,,,False,True,False,False,,,x1*(3.177398 - 36.313812/(x0 + 14.63878)),,
PySR,PySR_with_sqrt,raw_X + PySR operators with sqrt,True,2025,320,0.05,5,0.9955587612242225,0.0022837527471247453,601.0248041152954,True,,,True,,,,,True,False,False,False,,,x1*sqrt(0.24957378*x0 + 0.4993144),,
PySR,PySR_no_sqrt,raw_X + PySR operators no sqrt,False,9001,160,0.001,5,0.9999980412609684,1.227384385171051e-06,586.1586229801178,True,,,False,,,,,False,True,False,False,,,x1*(x0*(0.09507298 - 0.0016543308*x0) + 1.0337672 + 1.2977043/(-x0 - 3.9710124)),,
PySR,PySR_with_sqrt,raw_X + PySR operators with sqrt,True,9001,160,0.001,5,0.9999985715232186,8.951116344651587e-07,525.041353225708,True,,,True,,,,,True,False,False,False,,,0.49994537*x1*sqrt(x0 + 2.000983),,
PySR,PySR_no_sqrt,raw_X + PySR operators no sqrt,False,9001,160,0.05,5,0.9963969675056578,0.0022645299616408433,574.1118378639221,True,,,False,,,,,False,True,False,False,,,x1*(x0*(x0*(-0.0072959126) - 1*(-0.16449271)) + 0.6960042),,
PySR,PySR_with_sqrt,raw_X + PySR operators with sqrt,True,9001,160,0.05,5,0.9964407375857123,0.0022370201742984673,536.0849070549011,True,,,True,,,,,True,False,False,False,,,0.4973346*x1*sqrt(x0 + 2.0480943),,
PySR,PySR_no_sqrt,raw_X + PySR operators no sqrt,False,9001,320,0.001,5,0.9999972012559408,1.2979790810993796e-06,601.0434081554413,True,,,False,,,,,False,True,False,False,,,x1*(x0*(x0*(-0.0018571218 - 0.0779816/(x0 + 3.6700635)) + 0.17735805) + 0.707609),,
PySR,PySR_with_sqrt,raw_X + PySR operators with sqrt,True,9001,320,0.001,5,0.9999979488598949,9.51261313091996e-07,601.055979013443,True,,,True,,,,,True,False,False,False,,,x1*sqrt(0.250005*x0 + 0.50006145),,
PySR,PySR_no_sqrt,raw_X + PySR operators no sqrt,False,9001,320,0.05,5,0.9946738219119516,0.0025173598285918196,601.0200719833374,True,,,False,,,,,False,True,False,False,,,x1/(-1*(-0.3532434) - 3.143661/(-x0 - 2.9239392)),,
PySR,PySR_with_sqrt,raw_X + PySR operators with sqrt,True,9001,320,0.05,5,0.9949699222206432,0.002377411255710546,601.038736820221,True,,,True,,,,,True,False,False,False,,,0.5002511*x1*sqrt(x0 + 2.0098171),,
